PointNumber,PointName,LogicalDisplayReference,InitialValue,PropagateInitialValue,SetNonUpdate,ManualOverride,ManualEntry,Events,SmoothingConstant,AlarmDeadBand,ContinuousRecordingDeadband,DisturbanceDeadband,AssetID,PICollection,PIValueTag,PIQualityStorage,PIQualityTag,PIDeadband,ZeroDither,ScalingConversionType,SuppressedZeroThreshold,eDNACollection,eDNAExtIdentifier,eDNAQualityStorage,eDNASecurityGroup,eDNADeadband,PI_ExcMax,URLtype,URLDescription,URL,LogRoutAssnRefName,StationName,GroupName,TriggerRefName,MapboardFunctionGroup,LoLimitReasonability,HiLimitReasonability,UnitName,DataDivisionRefName,DeltaLimitValue,DeltaTimePeriod,TimeDeadband,DeltaMultiplierValue,DisplaySign,InvertSign,PowerArrow,ArrowOrientation,DisplayPoint,DecimalDigits,FieldWidth,AORRefName,MenuRefNumber,AltDataSourcePriority,AltDataSourcePointType,AltDataSourceIdentifier,ReverseSign,AltDataSourceUtilPointType,UtilizationIdentifier,AltDataSourceInitiation,AltDataSourceRestoration,OpcharReferenceName,DeviationCheckDelay,DeviationPercent,Priority,RetryLimit,PointPosition,LayoutType,LayoutNumber,ControlOffset,ControlCoefficient,ControlTransducerType,RawCountDelta,IndicationConversionType,IndicationOffset,IndicationCoefficient1,IndicationCoefficient2,IndicationCoefficient3,IndicationCoefficient4,IndicationCoefficient5,IndicationTransducerType,AnalogDriftRefName,IndicationPointPosition,IndicationLayoutType,IndicationLayoutNumber,IndicationScanBlockRefName,CollectToHistoricalSchedRef,RLControlProgramRefName,ControlStateGroupSet,RLPointPosition,StartControlState,RLLayoutType,RLLayoutNumber,StateControlAssnStateNumber,JogPoint,Command,PulseDuration,OperateTime,DesiredEndState,RLPriority,RLRetryLimit,CntlValidationProgRefName,ValidationVersionNum,WarningRequired,WarningAckRequired,WarningMessage,ActionDescriptionSetRef,CircuitLabelName,SubstationName,DeviceTypeName,LongName,AltLongName,Input_Group_Name,DAL_Control_PointNumber,Limit_Name,Limit_Number,Limit_Processing,Program_Name,High_Limit_4,High_Limit_3,High_Limit_2,High_Limit_1,Low_Limit_1,Low_Limit_2,Low_Limit_3,Low_Limit_4,Percent_Of_Ana_Pnt_Lims,Limits_Analog_Point,DOG_Reference,AlarmProfileReference,OPCTagName,
212358,ZERO REFERENCE,CHERRY,0,No,Yes,No,Yes,Yes,NULL,.000495,.000495,.000495,NULL,NULL,NULL,NULL,NULL,NULL,NULL,NULL,NULL,Yes,NULL,XA21 Quality,NULL,NULL,NULL,NULL,NULL,NULL,All,CHERRY_S,NULL,NULL,NULL,-2020,2020,COUNT,LIG DAC3 Telem,NULL,NULL,NULL,NULL,No,No,No,NULL,Yes,0,7,ALL-HINSON,NULL,NULL,NULL,NULL,NULL,NULL,NULL,NULL,NULL,NULL,NULL,NULL,NULL,NULL,NULL,NULL,NULL,NULL,NULL,NULL,2,l,0,1,NULL,NULL,NULL,NULL,DblPrOffsetBinaryH/L,NULL,0,Dnp,2670,Dnp 15 sec analog,NULL,NULL,NULL,NULL,NULL,NULL,NULL,NULL,NULL,NULL,NULL,NULL,NULL,NULL,NULL,NULL,NULL,NULL,NULL,NULL,NULL,NULL,NULL,NULL,NULL,NULL,NULL,NULL,State_0,0,Values,NULL,NULL,NULL,NULL,20,-20,NULL,NULL,NULL,NULL,NULL,1!2!3,Class 16!Class 16!Class 16,NULL,
212359,FULL SCALE REF,CHERRY,2000,No,Yes,No,Yes,Yes,NULL,.000495,.000495,.000495,NULL,NULL,NULL,NULL,NULL,NULL,NULL,NULL,NULL,Yes,NULL,XA21 Quality,NULL,NULL,NULL,NULL,NULL,NULL,All,CHERRY_S,NULL,NULL,NULL,-2020,2020,COUNT,LIG DAC3 Telem,NULL,NULL,NULL,NULL,No,No,No,NULL,Yes,0,7,ALL-HINSON,NULL,NULL,NULL,NULL,NULL,NULL,NULL,NULL,NULL,NULL,NULL,NULL,NULL,NULL,NULL,NULL,NULL,NULL,NULL,NULL,2,l,0,1,NULL,NULL,NULL,NULL,DblPrOffsetBinaryH/L,NULL,1,Dnp,2670,Dnp 15 sec analog,NULL,NULL,NULL,NULL,NULL,NULL,NULL,NULL,NULL,NULL,NULL,NULL,NULL,NULL,NULL,NULL,NULL,NULL,NULL,NULL,NULL,NULL,NULL,NULL,NULL,NULL,NULL,NULL,State_0,0,Values,NULL,NULL,NULL,NULL,2020,1980,NULL,NULL,NULL,NULL,NULL,1!2!3,Class 16!Class 16!Class 16,NULL,
212360,MEER TEMP,CHERRY,0,No,Yes,No,Yes,Yes,NULL,.014604,.014604,.014604,NULL,NULL,NULL,NULL,NULL,NULL,NULL,NULL,NULL,Yes,NULL,XA21 Quality,NULL,NULL,NULL,NULL,NULL,NULL,All,CHERRY_S,NULL,NULL,NULL,-202,202,DEG F,LIG DAC3 Telem,NULL,NULL,NULL,NULL,No,No,No,NULL,Yes,1,7,ALL-HINSON,NULL,NULL,NULL,NULL,NULL,NULL,NULL,NULL,NULL,NULL,NULL,NULL,NULL,NULL,NULL,NULL,NULL,NULL,NULL,NULL,2,l,0,.1,NULL,NULL,NULL,NULL,DblPrOffsetBinaryH/L,NULL,2,Dnp,2670,Dnp 15 sec analog,NULL,NULL,NULL,NULL,NULL,NULL,NULL,NULL,NULL,NULL,NULL,NULL,NULL,NULL,NULL,NULL,NULL,NULL,NULL,NULL,NULL,NULL,NULL,NULL,NULL,NULL,NULL,NULL,State_0,0,Values,NULL,NULL,NULL,NULL,150,32,NULL,NULL,NULL,NULL,NULL,1!2!3,Class 2!Class 15!Class 2,NULL,
212361,SUBSTATION TEMP,CHERRY,0,No,Yes,No,Yes,Yes,NULL,.0247525,.0247525,.0247525,NULL,NULL,NULL,NULL,NULL,NULL,NULL,NULL,NULL,Yes,NULL,XA21 Quality,NULL,NULL,NULL,NULL,NULL,NULL,All,CHERRY_S,NULL,NULL,NULL,-181.8,181.8,DEG F,LIG DAC3 Telem,NULL,NULL,NULL,NULL,No,No,No,NULL,Yes,1,7,ALL-HINSON,NULL,NULL,NULL,NULL,NULL,NULL,NULL,NULL,NULL,NULL,NULL,NULL,NULL,NULL,NULL,NULL,NULL,NULL,NULL,NULL,2,l,0,.1,NULL,NULL,NULL,NULL,DblPrOffsetBinaryH/L,NULL,3,Dnp,2670,Dnp 15 sec analog,NULL,NULL,NULL,NULL,NULL,NULL,NULL,NULL,NULL,NULL,NULL,NULL,NULL,NULL,NULL,NULL,NULL,NULL,NULL,NULL,NULL,NULL,NULL,NULL,NULL,NULL,NULL,NULL,State_0,0,Values,NULL,NULL,NULL,NULL,140,-40,NULL,NULL,NULL,NULL,NULL,1!2!3,Class 16!Class 15!Class 16,NULL,
212362,SUBSTATION HUMIDITY,CHERRY,0,No,Yes,No,Yes,Yes,NULL,.0247525,.0247525,.0247525,NULL,NULL,NULL,NULL,NULL,NULL,NULL,NULL,NULL,Yes,NULL,XA21 Quality,NULL,NULL,NULL,NULL,NULL,NULL,All,CHERRY_S,NULL,NULL,NULL,-101,101,%,LIG DAC3 Telem,NULL,NULL,NULL,NULL,No,No,No,NULL,Yes,0,7,ALL-HINSON,NULL,NULL,NULL,NULL,NULL,NULL,NULL,NULL,NULL,NULL,NULL,NULL,NULL,NULL,NULL,NULL,NULL,NULL,NULL,NULL,2,l,0,1,NULL,NULL,NULL,NULL,DblPrOffsetBinaryH/L,NULL,4,Dnp,2670,Dnp 15 sec analog,NULL,NULL,NULL,NULL,NULL,NULL,NULL,NULL,NULL,NULL,NULL,NULL,NULL,NULL,NULL,NULL,NULL,NULL,NULL,NULL,NULL,NULL,NULL,NULL,NULL,NULL,NULL,NULL,State_0,0,Values,NULL,NULL,NULL,NULL,100,0,NULL,NULL,NULL,NULL,NULL,1!2!3,Class 16!Class 15!Class 16,NULL,
212363,RECT DC VOLTS,CHERRY,0,No,Yes,No,Yes,Yes,NULL,.0066007,.0066007,.0066007,NULL,NULL,NULL,NULL,NULL,NULL,NULL,NULL,NULL,Yes,NULL,XA21 Quality,NULL,NULL,NULL,NULL,NULL,NULL,All,CHERRY_S,NULL,NULL,NULL,-151.5,151.5,VOLTS,LIG DAC3 Telem,NULL,NULL,NULL,NULL,No,No,No,NULL,Yes,1,7,ALL-HINSON,NULL,NULL,NULL,NULL,NULL,NULL,NULL,NULL,NULL,NULL,NULL,NULL,NULL,NULL,NULL,NULL,NULL,NULL,NULL,NULL,2,l,0,.1,NULL,NULL,NULL,NULL,DblPrOffsetBinaryH/L,NULL,5,Dnp,2670,Dnp 15 sec analog,NULL,NULL,NULL,NULL,NULL,NULL,NULL,NULL,NULL,NULL,NULL,NULL,NULL,NULL,NULL,NULL,NULL,NULL,NULL,NULL,NULL,NULL,NULL,NULL,NULL,NULL,NULL,NULL,State_0,0,Values,NULL,NULL,NULL,NULL,145,105,NULL,NULL,NULL,NULL,NULL,1!2!3,Class 2!Class 15!Class 2,NULL,
212364,RECT DC CURRENT,CHERRY,0,No,Yes,No,Yes,Yes,NULL,.0247525,.0247525,.0247525,NULL,NULL,NULL,NULL,NULL,NULL,NULL,NULL,NULL,Yes,NULL,XA21 Quality,NULL,NULL,NULL,NULL,NULL,NULL,All,CHERRY_S,NULL,NULL,NULL,-25.25,25.25,AMPS,LIG DAC3 Telem,NULL,NULL,NULL,NULL,No,No,No,NULL,Yes,1,7,ALL-HINSON,NULL,NULL,NULL,NULL,NULL,NULL,NULL,NULL,NULL,NULL,NULL,NULL,NULL,NULL,NULL,NULL,NULL,NULL,NULL,NULL,2,l,0,.1,NULL,NULL,NULL,NULL,DblPrOffsetBinaryH/L,NULL,6,Dnp,2670,Dnp 15 sec analog,NULL,NULL,NULL,NULL,NULL,NULL,NULL,NULL,NULL,NULL,NULL,NULL,NULL,NULL,NULL,NULL,NULL,NULL,NULL,NULL,NULL,NULL,NULL,NULL,NULL,NULL,NULL,NULL,State_0,0,Values,NULL,NULL,NULL,NULL,25,0,NULL,NULL,NULL,NULL,NULL,1!2!3,Class 2!Class 15!Class 2,NULL,
212365,BATT TEST VOLTS,CHERRY,0,No,Yes,No,Yes,Yes,NULL,.0066007,.0066007,.0066007,NULL,NULL,NULL,NULL,NULL,NULL,NULL,NULL,NULL,Yes,NULL,XA21 Quality,NULL,NULL,NULL,NULL,NULL,NULL,All,CHERRY_S,NULL,NULL,NULL,-151.5,151.5,VOLTS,LIG DAC3 Telem,NULL,NULL,NULL,NULL,No,No,No,NULL,Yes,1,7,ALL-HINSON,NULL,NULL,NULL,NULL,NULL,NULL,NULL,NULL,NULL,NULL,NULL,NULL,NULL,NULL,NULL,NULL,NULL,NULL,NULL,NULL,2,l,0,.1,NULL,NULL,NULL,NULL,DblPrOffsetBinaryH/L,NULL,7,Dnp,2670,Dnp 15 sec analog,NULL,NULL,NULL,NULL,NULL,NULL,NULL,NULL,NULL,NULL,NULL,NULL,NULL,NULL,NULL,NULL,NULL,NULL,NULL,NULL,NULL,NULL,NULL,NULL,NULL,NULL,NULL,NULL,State_0,0,Values,NULL,NULL,NULL,NULL,145,105,NULL,NULL,NULL,NULL,NULL,1!2!3,Class 16!Class 15!Class 16,NULL,
212366,12KV SEL FAIL IED NO,CHERRY,0,No,Yes,No,Yes,Yes,NULL,.02475,.02475,.02475,NULL,NULL,NULL,NULL,NULL,NULL,NULL,NULL,NULL,Yes,NULL,XA21 Quality,NULL,NULL,NULL,NULL,NULL,NULL,All,CHERRY_S,NULL,NULL,NULL,-10100,10100,COUNT,LIG DAC3 Telem,NULL,NULL,NULL,NULL,No,No,No,NULL,Yes,0,7,ALL-HINSON,NULL,NULL,NULL,NULL,NULL,NULL,NULL,NULL,NULL,NULL,NULL,NULL,NULL,NULL,NULL,NULL,NULL,NULL,NULL,NULL,2,l,0,1,NULL,NULL,NULL,NULL,DblPrOffsetBinaryH/L,NULL,8,Dnp,2670,Dnp 15 sec analog,NULL,NULL,NULL,NULL,NULL,NULL,NULL,NULL,NULL,NULL,NULL,NULL,NULL,NULL,NULL,NULL,NULL,NULL,NULL,NULL,NULL,NULL,NULL,NULL,NULL,NULL,NULL,NULL,State_0,0,Values,NULL,NULL,NULL,NULL,9999,0,NULL,NULL,NULL,NULL,NULL,1!2!3,Class 16!Class 15!Class 16,NULL,
212367,STATE ST IA,CHERRY,0,No,Yes,No,Yes,Yes,NULL,.0123762,.0123762,.0123762,NULL,NULL,NULL,NULL,NULL,NULL,NULL,NULL,NULL,Yes,NULL,XA21 Quality,NULL,NULL,NULL,NULL,NULL,NULL,All,CHERRY_S,NULL,NULL,NULL,-2424,2424,AMPS,LIG DAC3 Telem,NULL,NULL,NULL,NULL,No,No,No,NULL,Yes,0,7,ALL-HINSON,NULL,NULL,NULL,NULL,NULL,NULL,NULL,NULL,NULL,NULL,NULL,NULL,NULL,NULL,NULL,NULL,NULL,NULL,NULL,NULL,2,l,0,1,NULL,NULL,NULL,NULL,DblPrOffsetBinaryH/L,NULL,9,Dnp,2670,Dnp 15 sec analog,NULL,NULL,NULL,NULL,NULL,NULL,NULL,NULL,NULL,NULL,NULL,NULL,NULL,NULL,NULL,NULL,NULL,NULL,NULL,NULL,NULL,NULL,NULL,NULL,NULL,NULL,NULL,NULL,State_0,0,Values,NULL,NULL,NULL,NULL,1200,0,NULL,NULL,NULL,NULL,NULL,1!2!3,Class 6!Class 15!Class 6,NULL,
212368,STATE ST IB,CHERRY,0,No,Yes,No,Yes,Yes,NULL,.0123762,.0123762,.0123762,NULL,NULL,NULL,NULL,NULL,NULL,NULL,NULL,NULL,Yes,NULL,XA21 Quality,NULL,NULL,NULL,NULL,NULL,NULL,All,CHERRY_S,NULL,NULL,NULL,-2424,2424,AMPS,LIG DAC3 Telem,NULL,NULL,NULL,NULL,No,No,No,NULL,Yes,0,7,ALL-HINSON,NULL,NULL,NULL,NULL,NULL,NULL,NULL,NULL,NULL,NULL,NULL,NULL,NULL,NULL,NULL,NULL,NULL,NULL,NULL,NULL,2,l,0,1,NULL,NULL,NULL,NULL,DblPrOffsetBinaryH/L,NULL,10,Dnp,2670,Dnp 15 sec analog,NULL,NULL,NULL,NULL,NULL,NULL,NULL,NULL,NULL,NULL,NULL,NULL,NULL,NULL,NULL,NULL,NULL,NULL,NULL,NULL,NULL,NULL,NULL,NULL,NULL,NULL,NULL,NULL,State_0,0,Values,NULL,NULL,NULL,NULL,1200,0,NULL,NULL,NULL,NULL,NULL,1!2!3,Class 6!Class 15!Class 6,NULL,
212369,STATE ST IC,CHERRY,0,No,Yes,No,Yes,Yes,NULL,.0123762,.0123762,.0123762,NULL,NULL,NULL,NULL,NULL,NULL,NULL,NULL,NULL,Yes,NULL,XA21 Quality,NULL,NULL,NULL,NULL,NULL,NULL,All,CHERRY_S,NULL,NULL,NULL,-2424,2424,AMPS,LIG DAC3 Telem,NULL,NULL,NULL,NULL,No,No,No,NULL,Yes,0,7,ALL-HINSON,NULL,NULL,NULL,NULL,NULL,NULL,NULL,NULL,NULL,NULL,NULL,NULL,NULL,NULL,NULL,NULL,NULL,NULL,NULL,NULL,2,l,0,1,NULL,NULL,NULL,NULL,DblPrOffsetBinaryH/L,NULL,11,Dnp,2670,Dnp 15 sec analog,NULL,NULL,NULL,NULL,NULL,NULL,NULL,NULL,NULL,NULL,NULL,NULL,NULL,NULL,NULL,NULL,NULL,NULL,NULL,NULL,NULL,NULL,NULL,NULL,NULL,NULL,NULL,NULL,State_0,0,Values,NULL,NULL,NULL,NULL,1200,0,NULL,NULL,NULL,NULL,NULL,1!2!3,Class 6!Class 15!Class 6,NULL,
212370,STATE ST IN,CHERRY,0,No,Yes,No,Yes,Yes,NULL,.0123762,.0123762,.0123762,NULL,NULL,NULL,NULL,NULL,NULL,NULL,NULL,NULL,Yes,NULL,XA21 Quality,NULL,NULL,NULL,NULL,NULL,NULL,All,CHERRY_S,NULL,NULL,NULL,-2424,2424,AMPS,LIG DAC3 Telem,NULL,NULL,NULL,NULL,No,No,No,NULL,Yes,0,7,ALL-HINSON,NULL,NULL,NULL,NULL,NULL,NULL,NULL,NULL,NULL,NULL,NULL,NULL,NULL,NULL,NULL,NULL,NULL,NULL,NULL,NULL,2,l,0,1,NULL,NULL,NULL,NULL,DblPrOffsetBinaryH/L,NULL,12,Dnp,2670,Dnp 15 sec analog,NULL,NULL,NULL,NULL,NULL,NULL,NULL,NULL,NULL,NULL,NULL,NULL,NULL,NULL,NULL,NULL,NULL,NULL,NULL,NULL,NULL,NULL,NULL,NULL,NULL,NULL,NULL,NULL,State_0,0,Values,NULL,NULL,NULL,NULL,1200,0,NULL,NULL,NULL,NULL,NULL,1!2!3,Class 6!Class 15!Class 6,NULL,
212371,STATE ST MW,CHERRY,0,No,Yes,No,Yes,Yes,NULL,.0247525,.0247525,.0247525,NULL,NULL,NULL,NULL,NULL,NULL,NULL,NULL,NULL,Yes,NULL,XA21 Quality,NULL,NULL,NULL,NULL,NULL,NULL,All,CHERRY_S,NULL,NULL,NULL,-218.16,218.16,MW,LIG DAC3 Telem,NULL,NULL,NULL,NULL,No,No,No,NULL,Yes,2,7,ALL-HINSON,NULL,NULL,NULL,NULL,NULL,NULL,NULL,NULL,NULL,NULL,NULL,NULL,NULL,NULL,NULL,NULL,NULL,NULL,NULL,NULL,2,l,0,.01,NULL,NULL,NULL,NULL,DblPrOffsetBinaryH/L,NULL,13,Dnp,2670,Dnp 15 sec analog,NULL,NULL,NULL,NULL,NULL,NULL,NULL,NULL,NULL,NULL,NULL,NULL,NULL,NULL,NULL,NULL,NULL,NULL,NULL,NULL,NULL,NULL,NULL,NULL,NULL,NULL,NULL,NULL,State_0,0,Values,NULL,NULL,NULL,NULL,108,-108,NULL,NULL,NULL,NULL,NULL,1!2!3,Class 6!Class 15!Class 6,NULL,
212372,STATE ST MVAR,CHERRY,0,No,Yes,No,Yes,Yes,NULL,.0247525,.0247525,.0247525,NULL,NULL,NULL,NULL,NULL,NULL,NULL,NULL,NULL,Yes,NULL,XA21 Quality,NULL,NULL,NULL,NULL,NULL,NULL,All,CHERRY_S,NULL,NULL,NULL,-218.16,218.16,MVAR,LIG DAC3 Telem,NULL,NULL,NULL,NULL,No,No,No,NULL,Yes,2,7,ALL-HINSON,NULL,NULL,NULL,NULL,NULL,NULL,NULL,NULL,NULL,NULL,NULL,NULL,NULL,NULL,NULL,NULL,NULL,NULL,NULL,NULL,2,l,0,.01,NULL,NULL,NULL,NULL,DblPrOffsetBinaryH/L,NULL,14,Dnp,2670,Dnp 15 sec analog,NULL,NULL,NULL,NULL,NULL,NULL,NULL,NULL,NULL,NULL,NULL,NULL,NULL,NULL,NULL,NULL,NULL,NULL,NULL,NULL,NULL,NULL,NULL,NULL,NULL,NULL,NULL,NULL,State_0,0,Values,NULL,NULL,NULL,NULL,108,-108,NULL,NULL,NULL,NULL,NULL,1!2!3,Class 6!Class 15!Class 6,NULL,
212373,STATE ST FLT DST,CHERRY,0,No,Yes,No,Yes,Yes,NULL,.0247525,.0247525,.0247525,NULL,NULL,NULL,NULL,NULL,NULL,NULL,NULL,NULL,Yes,NULL,XA21 Quality,NULL,NULL,NULL,NULL,NULL,NULL,All,CHERRY_S,NULL,NULL,NULL,-15.15,15.15,MILES,LIG DAC3 Telem,NULL,NULL,NULL,NULL,No,No,No,NULL,Yes,1,7,ALL-HINSON,NULL,NULL,NULL,NULL,NULL,NULL,NULL,NULL,NULL,NULL,NULL,NULL,NULL,NULL,NULL,NULL,NULL,NULL,NULL,NULL,2,l,0,.1,NULL,NULL,NULL,NULL,DblPrOffsetBinaryH/L,NULL,15,Dnp,2670,Dnp 15 sec analog,NULL,NULL,NULL,NULL,NULL,NULL,NULL,NULL,NULL,NULL,NULL,NULL,NULL,NULL,NULL,NULL,NULL,NULL,NULL,NULL,NULL,NULL,NULL,NULL,NULL,NULL,NULL,NULL,State_0,0,Values,NULL,NULL,NULL,NULL,15,0,NULL,NULL,NULL,NULL,NULL,1!2!3,Class 15!Class 15!Class 15,NULL,
212374,SEABRIGHT IA,CHERRY,0,No,Yes,No,Yes,Yes,NULL,.0123762,.0123762,.0123762,NULL,NULL,NULL,NULL,NULL,NULL,NULL,NULL,NULL,Yes,NULL,XA21 Quality,NULL,NULL,NULL,NULL,NULL,NULL,All,CHERRY_S,NULL,NULL,NULL,-2424,2424,AMPS,LIG DAC3 Telem,NULL,NULL,NULL,NULL,No,No,No,NULL,Yes,0,7,ALL-HINSON,NULL,NULL,NULL,NULL,NULL,NULL,NULL,NULL,NULL,NULL,NULL,NULL,NULL,NULL,NULL,NULL,NULL,NULL,NULL,NULL,2,l,0,1,NULL,NULL,NULL,NULL,DblPrOffsetBinaryH/L,NULL,16,Dnp,2670,Dnp 15 sec analog,NULL,NULL,NULL,NULL,NULL,NULL,NULL,NULL,NULL,NULL,NULL,NULL,NULL,NULL,NULL,NULL,NULL,NULL,NULL,NULL,NULL,NULL,NULL,NULL,NULL,NULL,NULL,NULL,State_0,0,Values,NULL,NULL,NULL,NULL,1200,0,NULL,NULL,NULL,NULL,NULL,1!2!3,Class 6!Class 15!Class 6,NULL,
212375,SEABRIGHT IB,CHERRY,0,No,Yes,No,Yes,Yes,NULL,.0123762,.0123762,.0123762,NULL,NULL,NULL,NULL,NULL,NULL,NULL,NULL,NULL,Yes,NULL,XA21 Quality,NULL,NULL,NULL,NULL,NULL,NULL,All,CHERRY_S,NULL,NULL,NULL,-2424,2424,AMPS,LIG DAC3 Telem,NULL,NULL,NULL,NULL,No,No,No,NULL,Yes,0,7,ALL-HINSON,NULL,NULL,NULL,NULL,NULL,NULL,NULL,NULL,NULL,NULL,NULL,NULL,NULL,NULL,NULL,NULL,NULL,NULL,NULL,NULL,2,l,0,1,NULL,NULL,NULL,NULL,DblPrOffsetBinaryH/L,NULL,17,Dnp,2670,Dnp 15 sec analog,NULL,NULL,NULL,NULL,NULL,NULL,NULL,NULL,NULL,NULL,NULL,NULL,NULL,NULL,NULL,NULL,NULL,NULL,NULL,NULL,NULL,NULL,NULL,NULL,NULL,NULL,NULL,NULL,State_0,0,Values,NULL,NULL,NULL,NULL,1200,0,NULL,NULL,NULL,NULL,NULL,1!2!3,Class 6!Class 15!Class 6,NULL,
212376,SEABRIGHT IC,CHERRY,0,No,Yes,No,Yes,Yes,NULL,.0123762,.0123762,.0123762,NULL,NULL,NULL,NULL,NULL,NULL,NULL,NULL,NULL,Yes,NULL,XA21 Quality,NULL,NULL,NULL,NULL,NULL,NULL,All,CHERRY_S,NULL,NULL,NULL,-2424,2424,AMPS,LIG DAC3 Telem,NULL,NULL,NULL,NULL,No,No,No,NULL,Yes,0,7,ALL-HINSON,NULL,NULL,NULL,NULL,NULL,NULL,NULL,NULL,NULL,NULL,NULL,NULL,NULL,NULL,NULL,NULL,NULL,NULL,NULL,NULL,2,l,0,1,NULL,NULL,NULL,NULL,DblPrOffsetBinaryH/L,NULL,18,Dnp,2670,Dnp 15 sec analog,NULL,NULL,NULL,NULL,NULL,NULL,NULL,NULL,NULL,NULL,NULL,NULL,NULL,NULL,NULL,NULL,NULL,NULL,NULL,NULL,NULL,NULL,NULL,NULL,NULL,NULL,NULL,NULL,State_0,0,Values,NULL,NULL,NULL,NULL,1200,0,NULL,NULL,NULL,NULL,NULL,1!2!3,Class 6!Class 15!Class 6,NULL,
212377,SEABRIGHT IN,CHERRY,0,No,Yes,No,Yes,Yes,NULL,.0123762,.0123762,.0123762,NULL,NULL,NULL,NULL,NULL,NULL,NULL,NULL,NULL,Yes,NULL,XA21 Quality,NULL,NULL,NULL,NULL,NULL,NULL,All,CHERRY_S,NULL,NULL,NULL,-2424,2424,AMPS,LIG DAC3 Telem,NULL,NULL,NULL,NULL,No,No,No,NULL,Yes,0,7,ALL-HINSON,NULL,NULL,NULL,NULL,NULL,NULL,NULL,NULL,NULL,NULL,NULL,NULL,NULL,NULL,NULL,NULL,NULL,NULL,NULL,NULL,2,l,0,1,NULL,NULL,NULL,NULL,DblPrOffsetBinaryH/L,NULL,19,Dnp,2670,Dnp 15 sec analog,NULL,NULL,NULL,NULL,NULL,NULL,NULL,NULL,NULL,NULL,NULL,NULL,NULL,NULL,NULL,NULL,NULL,NULL,NULL,NULL,NULL,NULL,NULL,NULL,NULL,NULL,NULL,NULL,State_0,0,Values,NULL,NULL,NULL,NULL,1200,0,NULL,NULL,NULL,NULL,NULL,1!2!3,Class 6!Class 15!Class 6,NULL,
212378,SEABRIGHT MW,CHERRY,0,No,Yes,No,Yes,Yes,NULL,.0247525,.0247525,.0247525,NULL,NULL,NULL,NULL,NULL,NULL,NULL,NULL,NULL,Yes,NULL,XA21 Quality,NULL,NULL,NULL,NULL,NULL,NULL,All,CHERRY_S,NULL,NULL,NULL,-218.16,218.16,MW,LIG DAC3 Telem,NULL,NULL,NULL,NULL,No,No,No,NULL,Yes,2,7,ALL-HINSON,NULL,NULL,NULL,NULL,NULL,NULL,NULL,NULL,NULL,NULL,NULL,NULL,NULL,NULL,NULL,NULL,NULL,NULL,NULL,NULL,2,l,0,.01,NULL,NULL,NULL,NULL,DblPrOffsetBinaryH/L,NULL,20,Dnp,2670,Dnp 15 sec analog,NULL,NULL,NULL,NULL,NULL,NULL,NULL,NULL,NULL,NULL,NULL,NULL,NULL,NULL,NULL,NULL,NULL,NULL,NULL,NULL,NULL,NULL,NULL,NULL,NULL,NULL,NULL,NULL,State_0,0,Values,NULL,NULL,NULL,NULL,108,-108,NULL,NULL,NULL,NULL,NULL,1!2!3,Class 6!Class 15!Class 6,NULL,
212379,SEABRIGHT MVAR,CHERRY,0,No,Yes,No,Yes,Yes,NULL,.0247525,.0247525,.0247525,NULL,NULL,NULL,NULL,NULL,NULL,NULL,NULL,NULL,Yes,NULL,XA21 Quality,NULL,NULL,NULL,NULL,NULL,NULL,All,CHERRY_S,NULL,NULL,NULL,-218.16,218.16,MVAR,LIG DAC3 Telem,NULL,NULL,NULL,NULL,No,No,No,NULL,Yes,2,7,ALL-HINSON,NULL,NULL,NULL,NULL,NULL,NULL,NULL,NULL,NULL,NULL,NULL,NULL,NULL,NULL,NULL,NULL,NULL,NULL,NULL,NULL,2,l,0,.01,NULL,NULL,NULL,NULL,DblPrOffsetBinaryH/L,NULL,21,Dnp,2670,Dnp 15 sec analog,NULL,NULL,NULL,NULL,NULL,NULL,NULL,NULL,NULL,NULL,NULL,NULL,NULL,NULL,NULL,NULL,NULL,NULL,NULL,NULL,NULL,NULL,NULL,NULL,NULL,NULL,NULL,NULL,State_0,0,Values,NULL,NULL,NULL,NULL,108,-108,NULL,NULL,NULL,NULL,NULL,1!2!3,Class 6!Class 15!Class 6,NULL,
212380,SEABRIGHT FLT DST,CHERRY,0,No,Yes,No,Yes,Yes,NULL,.0247525,.0247525,.0247525,NULL,NULL,NULL,NULL,NULL,NULL,NULL,NULL,NULL,Yes,NULL,XA21 Quality,NULL,NULL,NULL,NULL,NULL,NULL,All,CHERRY_S,NULL,NULL,NULL,-100,100,MILES,LIG DAC3 Telem,NULL,NULL,NULL,NULL,No,No,No,NULL,Yes,1,7,ALL-HINSON,NULL,NULL,NULL,NULL,NULL,NULL,NULL,NULL,NULL,NULL,NULL,NULL,NULL,NULL,NULL,NULL,NULL,NULL,NULL,NULL,2,l,0,.1,NULL,NULL,NULL,NULL,DblPrOffsetBinaryH/L,NULL,22,Dnp,2670,Dnp 15 sec analog,NULL,NULL,NULL,NULL,NULL,NULL,NULL,NULL,NULL,NULL,NULL,NULL,NULL,NULL,NULL,NULL,NULL,NULL,NULL,NULL,NULL,NULL,NULL,NULL,NULL,NULL,NULL,NULL,State_0,0,Values,NULL,NULL,NULL,NULL,15,0,NULL,NULL,NULL,NULL,NULL,1!2!3,Class 15!Class 15!Class 15,NULL,
212381,B.T. 66KV IA,CHERRY,0,No,Yes,No,Yes,Yes,NULL,.0123762,.0123762,.0123762,NULL,NULL,NULL,NULL,NULL,NULL,NULL,NULL,NULL,Yes,NULL,XA21 Quality,NULL,NULL,NULL,NULL,NULL,NULL,All,CHERRY_S,NULL,NULL,NULL,-2424,2424,AMPS,LIG DAC3 Telem,NULL,NULL,NULL,NULL,No,No,No,NULL,Yes,0,7,ALL-HINSON,NULL,NULL,NULL,NULL,NULL,NULL,NULL,NULL,NULL,NULL,NULL,NULL,NULL,NULL,NULL,NULL,NULL,NULL,NULL,NULL,2,l,0,1,NULL,NULL,NULL,NULL,DblPrOffsetBinaryH/L,NULL,23,Dnp,2670,Dnp 15 sec analog,NULL,NULL,NULL,NULL,NULL,NULL,NULL,NULL,NULL,NULL,NULL,NULL,NULL,NULL,NULL,NULL,NULL,NULL,NULL,NULL,NULL,NULL,NULL,NULL,NULL,NULL,NULL,NULL,State_0,0,Values,NULL,NULL,NULL,NULL,1200,0,NULL,NULL,NULL,NULL,NULL,1!2!3,Class 6!Class 15!Class 6,NULL,
212382,B.T. 66KV IB,CHERRY,0,No,Yes,No,Yes,Yes,NULL,.0123762,.0123762,.0123762,NULL,NULL,NULL,NULL,NULL,NULL,NULL,NULL,NULL,Yes,NULL,XA21 Quality,NULL,NULL,NULL,NULL,NULL,NULL,All,CHERRY_S,NULL,NULL,NULL,-2424,2424,AMPS,LIG DAC3 Telem,NULL,NULL,NULL,NULL,No,No,No,NULL,Yes,0,7,ALL-HINSON,NULL,NULL,NULL,NULL,NULL,NULL,NULL,NULL,NULL,NULL,NULL,NULL,NULL,NULL,NULL,NULL,NULL,NULL,NULL,NULL,2,l,0,1,NULL,NULL,NULL,NULL,DblPrOffsetBinaryH/L,NULL,24,Dnp,2670,Dnp 15 sec analog,NULL,NULL,NULL,NULL,NULL,NULL,NULL,NULL,NULL,NULL,NULL,NULL,NULL,NULL,NULL,NULL,NULL,NULL,NULL,NULL,NULL,NULL,NULL,NULL,NULL,NULL,NULL,NULL,State_0,0,Values,NULL,NULL,NULL,NULL,1200,0,NULL,NULL,NULL,NULL,NULL,1!2!3,Class 6!Class 15!Class 6,NULL,
212383,B.T. 66KV IC,CHERRY,0,No,Yes,No,Yes,Yes,NULL,.0123762,.0123762,.0123762,NULL,NULL,NULL,NULL,NULL,NULL,NULL,NULL,NULL,Yes,NULL,XA21 Quality,NULL,NULL,NULL,NULL,NULL,NULL,All,CHERRY_S,NULL,NULL,NULL,-2424,2424,AMPS,LIG DAC3 Telem,NULL,NULL,NULL,NULL,No,No,No,NULL,Yes,0,7,ALL-HINSON,NULL,NULL,NULL,NULL,NULL,NULL,NULL,NULL,NULL,NULL,NULL,NULL,NULL,NULL,NULL,NULL,NULL,NULL,NULL,NULL,2,l,0,1,NULL,NULL,NULL,NULL,DblPrOffsetBinaryH/L,NULL,25,Dnp,2670,Dnp 15 sec analog,NULL,NULL,NULL,NULL,NULL,NULL,NULL,NULL,NULL,NULL,NULL,NULL,NULL,NULL,NULL,NULL,NULL,NULL,NULL,NULL,NULL,NULL,NULL,NULL,NULL,NULL,NULL,NULL,State_0,0,Values,NULL,NULL,NULL,NULL,1200,0,NULL,NULL,NULL,NULL,NULL,1!2!3,Class 6!Class 15!Class 6,NULL,
212384,B.T. 66KV IN,CHERRY,0,No,Yes,No,Yes,Yes,NULL,.0123762,.0123762,.0123762,NULL,NULL,NULL,NULL,NULL,NULL,NULL,NULL,NULL,Yes,NULL,XA21 Quality,NULL,NULL,NULL,NULL,NULL,NULL,All,CHERRY_S,NULL,NULL,NULL,-2424,2424,AMPS,LIG DAC3 Telem,NULL,NULL,NULL,NULL,No,No,No,NULL,Yes,0,7,ALL-HINSON,NULL,NULL,NULL,NULL,NULL,NULL,NULL,NULL,NULL,NULL,NULL,NULL,NULL,NULL,NULL,NULL,NULL,NULL,NULL,NULL,2,l,0,1,NULL,NULL,NULL,NULL,DblPrOffsetBinaryH/L,NULL,26,Dnp,2670,Dnp 15 sec analog,NULL,NULL,NULL,NULL,NULL,NULL,NULL,NULL,NULL,NULL,NULL,NULL,NULL,NULL,NULL,NULL,NULL,NULL,NULL,NULL,NULL,NULL,NULL,NULL,NULL,NULL,NULL,NULL,State_0,0,Values,NULL,NULL,NULL,NULL,1200,0,NULL,NULL,NULL,NULL,NULL,1!2!3,Class 6!Class 15!Class 6,NULL,
212385,B.T. 66KV MW,CHERRY,0,No,Yes,No,Yes,Yes,NULL,.0247525,.0247525,.0247525,NULL,NULL,NULL,NULL,NULL,NULL,NULL,NULL,NULL,Yes,NULL,XA21 Quality,NULL,NULL,NULL,NULL,NULL,NULL,All,CHERRY_S,NULL,NULL,NULL,-218.16,218.16,MW,LIG DAC3 Telem,NULL,NULL,NULL,NULL,No,No,No,NULL,Yes,2,7,ALL-HINSON,NULL,NULL,NULL,NULL,NULL,NULL,NULL,NULL,NULL,NULL,NULL,NULL,NULL,NULL,NULL,NULL,NULL,NULL,NULL,NULL,2,l,0,.01,NULL,NULL,NULL,NULL,DblPrOffsetBinaryH/L,NULL,27,Dnp,2670,Dnp 15 sec analog,NULL,NULL,NULL,NULL,NULL,NULL,NULL,NULL,NULL,NULL,NULL,NULL,NULL,NULL,NULL,NULL,NULL,NULL,NULL,NULL,NULL,NULL,NULL,NULL,NULL,NULL,NULL,NULL,State_0,0,Values,NULL,NULL,NULL,NULL,108,-108,NULL,NULL,NULL,NULL,NULL,1!2!3,Class 6!Class 15!Class 6,NULL,
212386,B.T. 66KV MVAR,CHERRY,0,No,Yes,No,Yes,Yes,NULL,.0247525,.0247525,.0247525,NULL,NULL,NULL,NULL,NULL,NULL,NULL,NULL,NULL,Yes,NULL,XA21 Quality,NULL,NULL,NULL,NULL,NULL,NULL,All,CHERRY_S,NULL,NULL,NULL,-218.16,218.16,MVAR,LIG DAC3 Telem,NULL,NULL,NULL,NULL,No,No,No,NULL,Yes,2,7,ALL-HINSON,NULL,NULL,NULL,NULL,NULL,NULL,NULL,NULL,NULL,NULL,NULL,NULL,NULL,NULL,NULL,NULL,NULL,NULL,NULL,NULL,2,l,0,.01,NULL,NULL,NULL,NULL,DblPrOffsetBinaryH/L,NULL,28,Dnp,2670,Dnp 15 sec analog,NULL,NULL,NULL,NULL,NULL,NULL,NULL,NULL,NULL,NULL,NULL,NULL,NULL,NULL,NULL,NULL,NULL,NULL,NULL,NULL,NULL,NULL,NULL,NULL,NULL,NULL,NULL,NULL,State_0,0,Values,NULL,NULL,NULL,NULL,108,-108,NULL,NULL,NULL,NULL,NULL,1!2!3,Class 6!Class 15!Class 6,NULL,
212387,B.T. 66KV FLT DST,CHERRY,0,No,Yes,No,Yes,Yes,NULL,.0247525,.0247525,.0247525,NULL,NULL,NULL,NULL,NULL,NULL,NULL,NULL,NULL,Yes,NULL,XA21 Quality,NULL,NULL,NULL,NULL,NULL,NULL,All,CHERRY_S,NULL,NULL,NULL,-15.15,15.15,MILES,LIG DAC3 Telem,NULL,NULL,NULL,NULL,No,No,No,NULL,Yes,1,7,ALL-HINSON,NULL,NULL,NULL,NULL,NULL,NULL,NULL,NULL,NULL,NULL,NULL,NULL,NULL,NULL,NULL,NULL,NULL,NULL,NULL,NULL,2,l,0,.1,NULL,NULL,NULL,NULL,DblPrOffsetBinaryH/L,NULL,29,Dnp,2670,Dnp 15 sec analog,NULL,NULL,NULL,NULL,NULL,NULL,NULL,NULL,NULL,NULL,NULL,NULL,NULL,NULL,NULL,NULL,NULL,NULL,NULL,NULL,NULL,NULL,NULL,NULL,NULL,NULL,NULL,NULL,State_0,0,Values,NULL,NULL,NULL,NULL,15,0,NULL,NULL,NULL,NULL,NULL,1!2!3,Class 15!Class 15!Class 15,NULL,
212388,NO.1 BK IA,CHERRY,0,No,Yes,No,Yes,Yes,NULL,.0123762,.0123762,.0123762,NULL,NULL,NULL,NULL,NULL,NULL,NULL,NULL,NULL,Yes,NULL,XA21 Quality,NULL,NULL,NULL,NULL,NULL,NULL,All,CHERRY_S,NULL,NULL,NULL,-6060,6060,AMPS,LIG DAC3 Telem,NULL,NULL,NULL,NULL,No,No,No,NULL,Yes,0,7,ALL-HINSON,NULL,NULL,NULL,NULL,NULL,NULL,NULL,NULL,NULL,NULL,NULL,NULL,NULL,NULL,NULL,NULL,NULL,NULL,NULL,NULL,2,l,0,1,NULL,NULL,NULL,NULL,DblPrOffsetBinaryH/L,NULL,30,Dnp,2670,Dnp 15 sec analog,NULL,NULL,NULL,NULL,NULL,NULL,NULL,NULL,NULL,NULL,NULL,NULL,NULL,NULL,NULL,NULL,NULL,NULL,NULL,NULL,NULL,NULL,NULL,NULL,NULL,NULL,NULL,NULL,State_0,0,Values,NULL,NULL,NULL,NULL,3000,0,NULL,NULL,NULL,NULL,NULL,1!2!3,Class 6!Class 15!Class 6,NULL,
212389,NO.1 BK IB,CHERRY,0,No,Yes,No,Yes,Yes,NULL,.0123762,.0123762,.0123762,NULL,NULL,NULL,NULL,NULL,NULL,NULL,NULL,NULL,Yes,NULL,XA21 Quality,NULL,NULL,NULL,NULL,NULL,NULL,All,CHERRY_S,NULL,NULL,NULL,-6060,6060,AMPS,LIG DAC3 Telem,NULL,NULL,NULL,NULL,No,No,No,NULL,Yes,0,7,ALL-HINSON,NULL,NULL,NULL,NULL,NULL,NULL,NULL,NULL,NULL,NULL,NULL,NULL,NULL,NULL,NULL,NULL,NULL,NULL,NULL,NULL,2,l,0,1,NULL,NULL,NULL,NULL,DblPrOffsetBinaryH/L,NULL,31,Dnp,2670,Dnp 15 sec analog,NULL,NULL,NULL,NULL,NULL,NULL,NULL,NULL,NULL,NULL,NULL,NULL,NULL,NULL,NULL,NULL,NULL,NULL,NULL,NULL,NULL,NULL,NULL,NULL,NULL,NULL,NULL,NULL,State_0,0,Values,NULL,NULL,NULL,NULL,3000,0,NULL,NULL,NULL,NULL,NULL,1!2!3,Class 6!Class 15!Class 6,NULL,
212390,NO.1 BK IC,CHERRY,0,No,Yes,No,Yes,Yes,NULL,.0123762,.0123762,.0123762,NULL,NULL,NULL,NULL,NULL,NULL,NULL,NULL,NULL,Yes,NULL,XA21 Quality,NULL,NULL,NULL,NULL,NULL,NULL,All,CHERRY_S,NULL,NULL,NULL,-6060,6060,AMPS,LIG DAC3 Telem,NULL,NULL,NULL,NULL,No,No,No,NULL,Yes,0,7,ALL-HINSON,NULL,NULL,NULL,NULL,NULL,NULL,NULL,NULL,NULL,NULL,NULL,NULL,NULL,NULL,NULL,NULL,NULL,NULL,NULL,NULL,2,l,0,1,NULL,NULL,NULL,NULL,DblPrOffsetBinaryH/L,NULL,32,Dnp,2670,Dnp 15 sec analog,NULL,NULL,NULL,NULL,NULL,NULL,NULL,NULL,NULL,NULL,NULL,NULL,NULL,NULL,NULL,NULL,NULL,NULL,NULL,NULL,NULL,NULL,NULL,NULL,NULL,NULL,NULL,NULL,State_0,0,Values,NULL,NULL,NULL,NULL,3000,0,NULL,NULL,NULL,NULL,NULL,1!2!3,Class 6!Class 15!Class 6,NULL,
212391,NO.1 BK LS IN,CHERRY,0,No,Yes,No,Yes,Yes,NULL,.0123762,.0123762,.0123762,NULL,NULL,NULL,NULL,NULL,NULL,NULL,NULL,NULL,Yes,NULL,XA21 Quality,NULL,NULL,NULL,NULL,NULL,NULL,All,CHERRY_S,NULL,NULL,NULL,-2424,2424,AMPS,LIG DAC3 Telem,NULL,NULL,NULL,NULL,No,No,No,NULL,Yes,0,7,ALL-HINSON,NULL,NULL,NULL,NULL,NULL,NULL,NULL,NULL,NULL,NULL,NULL,NULL,NULL,NULL,NULL,NULL,NULL,NULL,NULL,NULL,2,l,0,1,NULL,NULL,NULL,NULL,DblPrOffsetBinaryH/L,NULL,33,Dnp,2670,Dnp 15 sec analog,NULL,NULL,NULL,NULL,NULL,NULL,NULL,NULL,NULL,NULL,NULL,NULL,NULL,NULL,NULL,NULL,NULL,NULL,NULL,NULL,NULL,NULL,NULL,NULL,NULL,NULL,NULL,NULL,State_0,0,Values,NULL,NULL,NULL,NULL,1200,0,NULL,NULL,NULL,NULL,NULL,1!2!3,Class 6!Class 15!Class 6,NULL,
212392,NO.1 BK MW,CHERRY,0,No,Yes,No,Yes,Yes,NULL,.0247525,.0247525,.0247525,NULL,NULL,NULL,NULL,NULL,NULL,NULL,NULL,NULL,Yes,NULL,XA21 Quality,NULL,NULL,NULL,NULL,NULL,NULL,All,CHERRY_S,NULL,NULL,NULL,-90.9,90.9,MW,LIG DAC3 Telem,NULL,NULL,NULL,NULL,No,No,No,NULL,Yes,2,7,ALL-HINSON,NULL,NULL,NULL,NULL,NULL,NULL,NULL,NULL,NULL,NULL,NULL,NULL,NULL,NULL,NULL,NULL,NULL,NULL,NULL,NULL,2,l,0,.01,NULL,NULL,NULL,NULL,DblPrOffsetBinaryH/L,NULL,34,Dnp,2670,Dnp 15 sec analog,NULL,NULL,NULL,NULL,NULL,NULL,NULL,NULL,NULL,NULL,NULL,NULL,NULL,NULL,NULL,NULL,NULL,NULL,NULL,NULL,NULL,NULL,NULL,NULL,NULL,NULL,NULL,NULL,State_0,0,Values,NULL,NULL,NULL,NULL,45,-45,NULL,NULL,NULL,NULL,NULL,1!2!3,Class 16!Class 15!Class 16,NULL,
212393,NO.1 BK MVAR,CHERRY,0,No,Yes,No,Yes,Yes,NULL,.0247525,.0247525,.0247525,NULL,NULL,NULL,NULL,NULL,NULL,NULL,NULL,NULL,Yes,NULL,XA21 Quality,NULL,NULL,NULL,NULL,NULL,NULL,All,CHERRY_S,NULL,NULL,NULL,-90.9,90.9,MVAR,LIG DAC3 Telem,NULL,NULL,NULL,NULL,No,No,No,NULL,Yes,2,7,ALL-HINSON,NULL,NULL,NULL,NULL,NULL,NULL,NULL,NULL,NULL,NULL,NULL,NULL,NULL,NULL,NULL,NULL,NULL,NULL,NULL,NULL,2,l,0,.01,NULL,NULL,NULL,NULL,DblPrOffsetBinaryH/L,NULL,35,Dnp,2670,Dnp 15 sec analog,NULL,NULL,NULL,NULL,NULL,NULL,NULL,NULL,NULL,NULL,NULL,NULL,NULL,NULL,NULL,NULL,NULL,NULL,NULL,NULL,NULL,NULL,NULL,NULL,NULL,NULL,NULL,NULL,State_0,0,Values,NULL,NULL,NULL,NULL,45,-45,NULL,NULL,NULL,NULL,NULL,1!2!3,Class 16!Class 15!Class 16,NULL,
212394,NO.1 BK KV AB,CHERRY,0,No,Yes,No,Yes,Yes,NULL,.0113449,.0113449,.0113449,NULL,NULL,NULL,NULL,NULL,NULL,NULL,NULL,NULL,Yes,NULL,XA21 Quality,NULL,NULL,NULL,NULL,NULL,NULL,All,CHERRY_S,NULL,NULL,NULL,-14.544,14.544,KV,LIG DAC3 Telem,NULL,NULL,NULL,NULL,No,No,No,NULL,Yes,3,7,ALL-HINSON,NULL,NULL,NULL,NULL,NULL,NULL,NULL,NULL,NULL,NULL,NULL,NULL,NULL,NULL,NULL,NULL,NULL,NULL,NULL,NULL,2,l,0,.001,NULL,NULL,NULL,NULL,DblPrOffsetBinaryH/L,NULL,36,Dnp,2670,Dnp 15 sec analog,NULL,NULL,NULL,NULL,NULL,NULL,NULL,NULL,NULL,NULL,NULL,NULL,NULL,NULL,NULL,NULL,NULL,NULL,NULL,NULL,NULL,NULL,NULL,NULL,NULL,NULL,NULL,NULL,State_0,0,Values,NULL,NULL,NULL,NULL,13.2,6.6,NULL,NULL,NULL,NULL,NULL,1!2!3,Class 6!Class 15!Class 6,NULL,
212395,NO.1 BK KV BC,CHERRY,0,No,Yes,No,Yes,Yes,NULL,.0113449,.0113449,.0113449,NULL,NULL,NULL,NULL,NULL,NULL,NULL,NULL,NULL,Yes,NULL,XA21 Quality,NULL,NULL,NULL,NULL,NULL,NULL,All,CHERRY_S,NULL,NULL,NULL,-14.544,14.544,KV,LIG DAC3 Telem,NULL,NULL,NULL,NULL,No,No,No,NULL,Yes,3,7,ALL-HINSON,NULL,NULL,NULL,NULL,NULL,NULL,NULL,NULL,NULL,NULL,NULL,NULL,NULL,NULL,NULL,NULL,NULL,NULL,NULL,NULL,2,l,0,.001,NULL,NULL,NULL,NULL,DblPrOffsetBinaryH/L,NULL,37,Dnp,2670,Dnp 15 sec analog,NULL,NULL,NULL,NULL,NULL,NULL,NULL,NULL,NULL,NULL,NULL,NULL,NULL,NULL,NULL,NULL,NULL,NULL,NULL,NULL,NULL,NULL,NULL,NULL,NULL,NULL,NULL,NULL,State_0,0,Values,NULL,NULL,NULL,NULL,13.2,6.6,NULL,NULL,NULL,NULL,NULL,1!2!3,Class 6!Class 15!Class 6,NULL,
212396,NO.1 BK KV CA,CHERRY,0,No,Yes,No,Yes,Yes,NULL,.0113449,.0113449,.0113449,NULL,NULL,NULL,NULL,NULL,NULL,NULL,NULL,NULL,Yes,NULL,XA21 Quality,NULL,NULL,NULL,NULL,NULL,NULL,All,CHERRY_S,NULL,NULL,NULL,-14.544,14.544,KV,LIG DAC3 Telem,NULL,NULL,NULL,NULL,No,No,No,NULL,Yes,3,7,ALL-HINSON,NULL,NULL,NULL,NULL,NULL,NULL,NULL,NULL,NULL,NULL,NULL,NULL,NULL,NULL,NULL,NULL,NULL,NULL,NULL,NULL,2,l,0,.001,NULL,NULL,NULL,NULL,DblPrOffsetBinaryH/L,NULL,38,Dnp,2670,Dnp 15 sec analog,NULL,NULL,NULL,NULL,NULL,NULL,NULL,NULL,NULL,NULL,NULL,NULL,NULL,NULL,NULL,NULL,NULL,NULL,NULL,NULL,NULL,NULL,NULL,NULL,NULL,NULL,NULL,NULL,State_0,0,Values,NULL,NULL,NULL,NULL,13.2,6.6,NULL,NULL,NULL,NULL,NULL,1!2!3,Class 6!Class 15!Class 6,NULL,
212397,NO.1 BK T OIL N,CHERRY,0,No,Yes,No,Yes,Yes,NULL,.0165017,.0165017,.0165017,NULL,NULL,NULL,NULL,NULL,NULL,NULL,NULL,NULL,Yes,NULL,XA21 Quality,NULL,NULL,NULL,NULL,NULL,NULL,All,CHERRY_S,NULL,NULL,NULL,-151.5,151.5,DEG C,LIG DAC3 Telem,NULL,NULL,NULL,NULL,No,No,No,NULL,Yes,1,7,ALL-HINSON,NULL,NULL,NULL,NULL,NULL,NULL,NULL,NULL,NULL,NULL,NULL,NULL,NULL,NULL,NULL,NULL,NULL,NULL,NULL,NULL,2,l,0,.1,NULL,NULL,NULL,NULL,DblPrOffsetBinaryH/L,NULL,39,Dnp,2670,Dnp 15 sec analog,NULL,NULL,NULL,NULL,NULL,NULL,NULL,NULL,NULL,NULL,NULL,NULL,NULL,NULL,NULL,NULL,NULL,NULL,NULL,NULL,NULL,NULL,NULL,NULL,NULL,NULL,NULL,NULL,State_0,0,Values,NULL,NULL,NULL,NULL,100,0,NULL,NULL,NULL,NULL,NULL,1!2!3,Class 2!Class 15!Class 2,NULL,
212398,NO.1 BK T OIL S,CHERRY,0,No,Yes,No,Yes,Yes,NULL,.0165017,.0165017,.0165017,NULL,NULL,NULL,NULL,NULL,NULL,NULL,NULL,NULL,Yes,NULL,XA21 Quality,NULL,NULL,NULL,NULL,NULL,NULL,All,CHERRY_S,NULL,NULL,NULL,-151.5,151.5,DEG C,LIG DAC3 Telem,NULL,NULL,NULL,NULL,No,No,No,NULL,Yes,1,7,ALL-HINSON,NULL,NULL,NULL,NULL,NULL,NULL,NULL,NULL,NULL,NULL,NULL,NULL,NULL,NULL,NULL,NULL,NULL,NULL,NULL,NULL,2,l,0,.1,NULL,NULL,NULL,NULL,DblPrOffsetBinaryH/L,NULL,40,Dnp,2670,Dnp 15 sec analog,NULL,NULL,NULL,NULL,NULL,NULL,NULL,NULL,NULL,NULL,NULL,NULL,NULL,NULL,NULL,NULL,NULL,NULL,NULL,NULL,NULL,NULL,NULL,NULL,NULL,NULL,NULL,NULL,State_0,0,Values,NULL,NULL,NULL,NULL,100,0,NULL,NULL,NULL,NULL,NULL,1!2!3,Class 2!Class 15!Class 2,NULL,
212399,TOTAL 12KV MWH,CHERRY,0,No,Yes,No,Yes,Yes,NULL,0,0,0,NULL,NULL,NULL,NULL,NULL,NULL,NULL,NULL,NULL,Yes,NULL,XA21 Quality,NULL,NULL,NULL,NULL,NULL,NULL,All,CHERRY_S,NULL,NULL,NULL,-65.535,65600.5,MWH,LIG DAC3 Telem,NULL,NULL,NULL,NULL,No,No,No,NULL,Yes,0,7,ALL-HINSON,NULL,NULL,NULL,NULL,NULL,NULL,NULL,NULL,NULL,NULL,NULL,NULL,NULL,NULL,NULL,NULL,NULL,NULL,NULL,NULL,2,l,0,1,NULL,NULL,NULL,NULL,DblPrOffsetBinaryH/L,NULL,41,Dnp,2670,Dnp 15 sec analog,NULL,NULL,NULL,NULL,NULL,NULL,NULL,NULL,NULL,NULL,NULL,NULL,NULL,NULL,NULL,NULL,NULL,NULL,NULL,NULL,NULL,NULL,NULL,NULL,NULL,NULL,NULL,NULL,State_0,0,Values,NULL,NULL,NULL,NULL,1,-1,NULL,NULL,NULL,NULL,NULL,1!2!3,Class 15!Class 15!Class 15,NULL,
212400,NO.2 CAPS IA,CHERRY,0,No,Yes,No,Yes,Yes,NULL,.0123762,.0123762,.0123762,NULL,NULL,NULL,NULL,NULL,NULL,NULL,NULL,NULL,Yes,NULL,XA21 Quality,NULL,NULL,NULL,NULL,NULL,NULL,All,CHERRY_S,NULL,NULL,NULL,-808,808,AMPS,LIG DAC3 Telem,NULL,NULL,NULL,NULL,No,No,No,NULL,Yes,0,7,ALL-HINSON,NULL,NULL,NULL,NULL,NULL,NULL,NULL,NULL,NULL,NULL,NULL,NULL,NULL,NULL,NULL,NULL,NULL,NULL,NULL,NULL,2,l,0,1,NULL,NULL,NULL,NULL,DblPrOffsetBinaryH/L,NULL,42,Dnp,2670,Dnp 15 sec analog,NULL,NULL,NULL,NULL,NULL,NULL,NULL,NULL,NULL,NULL,NULL,NULL,NULL,NULL,NULL,NULL,NULL,NULL,NULL,NULL,NULL,NULL,NULL,NULL,NULL,NULL,NULL,NULL,State_0,0,Values,NULL,NULL,NULL,NULL,400,0,NULL,NULL,NULL,NULL,NULL,1!2!3,Class 6!Class 15!Class 6,NULL,
212401,NO.2 CAPS IB,CHERRY,0,No,Yes,No,Yes,Yes,NULL,.0123762,.0123762,.0123762,NULL,NULL,NULL,NULL,NULL,NULL,NULL,NULL,NULL,Yes,NULL,XA21 Quality,NULL,NULL,NULL,NULL,NULL,NULL,All,CHERRY_S,NULL,NULL,NULL,-808,808,AMPS,LIG DAC3 Telem,NULL,NULL,NULL,NULL,No,No,No,NULL,Yes,0,7,ALL-HINSON,NULL,NULL,NULL,NULL,NULL,NULL,NULL,NULL,NULL,NULL,NULL,NULL,NULL,NULL,NULL,NULL,NULL,NULL,NULL,NULL,2,l,0,1,NULL,NULL,NULL,NULL,DblPrOffsetBinaryH/L,NULL,43,Dnp,2670,Dnp 15 sec analog,NULL,NULL,NULL,NULL,NULL,NULL,NULL,NULL,NULL,NULL,NULL,NULL,NULL,NULL,NULL,NULL,NULL,NULL,NULL,NULL,NULL,NULL,NULL,NULL,NULL,NULL,NULL,NULL,State_0,0,Values,NULL,NULL,NULL,NULL,400,0,NULL,NULL,NULL,NULL,NULL,1!2!3,Class 6!Class 15!Class 6,NULL,
212402,NO.2 CAPS IC,CHERRY,0,No,Yes,No,Yes,Yes,NULL,.0123762,.0123762,.0123762,NULL,NULL,NULL,NULL,NULL,NULL,NULL,NULL,NULL,Yes,NULL,XA21 Quality,NULL,NULL,NULL,NULL,NULL,NULL,All,CHERRY_S,NULL,NULL,NULL,-808,808,AMPS,LIG DAC3 Telem,NULL,NULL,NULL,NULL,No,No,No,NULL,Yes,0,7,ALL-HINSON,NULL,NULL,NULL,NULL,NULL,NULL,NULL,NULL,NULL,NULL,NULL,NULL,NULL,NULL,NULL,NULL,NULL,NULL,NULL,NULL,2,l,0,1,NULL,NULL,NULL,NULL,DblPrOffsetBinaryH/L,NULL,44,Dnp,2670,Dnp 15 sec analog,NULL,NULL,NULL,NULL,NULL,NULL,NULL,NULL,NULL,NULL,NULL,NULL,NULL,NULL,NULL,NULL,NULL,NULL,NULL,NULL,NULL,NULL,NULL,NULL,NULL,NULL,NULL,NULL,State_0,0,Values,NULL,NULL,NULL,NULL,400,0,NULL,NULL,NULL,NULL,NULL,1!2!3,Class 6!Class 15!Class 6,NULL,
212403,AFTON IA,CHERRY,0,No,Yes,No,Yes,Yes,NULL,.0123762,.0123762,.0123762,NULL,NULL,NULL,NULL,NULL,NULL,NULL,NULL,NULL,Yes,NULL,XA21 Quality,NULL,NULL,NULL,NULL,NULL,NULL,All,CHERRY_S,NULL,NULL,NULL,-1212,1212,AMPS,LIG DAC3 Telem,NULL,NULL,NULL,NULL,No,No,No,NULL,Yes,0,7,ALL-HINSON,NULL,NULL,NULL,NULL,NULL,NULL,NULL,NULL,NULL,NULL,NULL,NULL,NULL,NULL,NULL,NULL,NULL,NULL,NULL,NULL,2,l,0,1,NULL,NULL,NULL,NULL,DblPrOffsetBinaryH/L,NULL,45,Dnp,2670,Dnp 15 sec analog,NULL,NULL,NULL,NULL,NULL,NULL,NULL,NULL,NULL,NULL,NULL,NULL,NULL,NULL,NULL,NULL,NULL,NULL,NULL,NULL,NULL,NULL,NULL,NULL,NULL,NULL,NULL,NULL,State_0,0,Values,NULL,NULL,NULL,NULL,600,0,NULL,NULL,NULL,NULL,NULL,1!2!3,Class 6!Class 15!Class 6,NULL,
212404,AFTON IB,CHERRY,0,No,Yes,No,Yes,Yes,NULL,.0123762,.0123762,.0123762,NULL,NULL,NULL,NULL,NULL,NULL,NULL,NULL,NULL,Yes,NULL,XA21 Quality,NULL,NULL,NULL,NULL,NULL,NULL,All,CHERRY_S,NULL,NULL,NULL,-1212,1212,AMPS,LIG DAC3 Telem,NULL,NULL,NULL,NULL,No,No,No,NULL,Yes,0,7,ALL-HINSON,NULL,NULL,NULL,NULL,NULL,NULL,NULL,NULL,NULL,NULL,NULL,NULL,NULL,NULL,NULL,NULL,NULL,NULL,NULL,NULL,2,l,0,1,NULL,NULL,NULL,NULL,DblPrOffsetBinaryH/L,NULL,46,Dnp,2670,Dnp 15 sec analog,NULL,NULL,NULL,NULL,NULL,NULL,NULL,NULL,NULL,NULL,NULL,NULL,NULL,NULL,NULL,NULL,NULL,NULL,NULL,NULL,NULL,NULL,NULL,NULL,NULL,NULL,NULL,NULL,State_0,0,Values,NULL,NULL,NULL,NULL,600,0,NULL,NULL,NULL,NULL,NULL,1!2!3,Class 6!Class 15!Class 6,NULL,
212405,AFTON IC,CHERRY,0,No,Yes,No,Yes,Yes,NULL,.0123762,.0123762,.0123762,NULL,NULL,NULL,NULL,NULL,NULL,NULL,NULL,NULL,Yes,NULL,XA21 Quality,NULL,NULL,NULL,NULL,NULL,NULL,All,CHERRY_S,NULL,NULL,NULL,-1212,1212,AMPS,LIG DAC3 Telem,NULL,NULL,NULL,NULL,No,No,No,NULL,Yes,0,7,ALL-HINSON,NULL,NULL,NULL,NULL,NULL,NULL,NULL,NULL,NULL,NULL,NULL,NULL,NULL,NULL,NULL,NULL,NULL,NULL,NULL,NULL,2,l,0,1,NULL,NULL,NULL,NULL,DblPrOffsetBinaryH/L,NULL,47,Dnp,2670,Dnp 15 sec analog,NULL,NULL,NULL,NULL,NULL,NULL,NULL,NULL,NULL,NULL,NULL,NULL,NULL,NULL,NULL,NULL,NULL,NULL,NULL,NULL,NULL,NULL,NULL,NULL,NULL,NULL,NULL,NULL,State_0,0,Values,NULL,NULL,NULL,NULL,600,0,NULL,NULL,NULL,NULL,NULL,1!2!3,Class 6!Class 15!Class 6,NULL,
212406,AFTON IN,CHERRY,0,No,Yes,No,Yes,Yes,NULL,.0123762,.0123762,.0123762,NULL,NULL,NULL,NULL,NULL,NULL,NULL,NULL,NULL,Yes,NULL,XA21 Quality,NULL,NULL,NULL,NULL,NULL,NULL,All,CHERRY_S,NULL,NULL,NULL,-1212,1212,AMPS,LIG DAC3 Telem,NULL,NULL,NULL,NULL,No,No,No,NULL,Yes,0,7,ALL-HINSON,NULL,NULL,NULL,NULL,NULL,NULL,NULL,NULL,NULL,NULL,NULL,NULL,NULL,NULL,NULL,NULL,NULL,NULL,NULL,NULL,2,l,0,1,NULL,NULL,NULL,NULL,DblPrOffsetBinaryH/L,NULL,48,Dnp,2670,Dnp 15 sec analog,NULL,NULL,NULL,NULL,NULL,NULL,NULL,NULL,NULL,NULL,NULL,NULL,NULL,NULL,NULL,NULL,NULL,NULL,NULL,NULL,NULL,NULL,NULL,NULL,NULL,NULL,NULL,NULL,State_0,0,Values,NULL,NULL,NULL,NULL,600,0,NULL,NULL,NULL,NULL,NULL,1!2!3,Class 6!Class 15!Class 6,NULL,
212407,AFTON MVAR,CHERRY,0,No,Yes,No,Yes,Yes,NULL,.0247525,.0247525,.0247525,NULL,NULL,NULL,NULL,NULL,NULL,NULL,NULL,NULL,Yes,NULL,XA21 Quality,NULL,NULL,NULL,NULL,NULL,NULL,All,CHERRY_S,NULL,NULL,NULL,-18.18,18.18,MVAR,LIG DAC3 Telem,NULL,NULL,NULL,NULL,No,No,No,NULL,Yes,2,7,ALL-HINSON,NULL,NULL,NULL,NULL,NULL,NULL,NULL,NULL,NULL,NULL,NULL,NULL,NULL,NULL,NULL,NULL,NULL,NULL,NULL,NULL,2,l,0,.01,NULL,NULL,NULL,NULL,DblPrOffsetBinaryH/L,NULL,49,Dnp,2670,Dnp 15 sec analog,NULL,NULL,NULL,NULL,NULL,NULL,NULL,NULL,NULL,NULL,NULL,NULL,NULL,NULL,NULL,NULL,NULL,NULL,NULL,NULL,NULL,NULL,NULL,NULL,NULL,NULL,NULL,NULL,State_0,0,Values,NULL,NULL,NULL,NULL,9,-9,NULL,NULL,NULL,NULL,NULL,1!2!3,Class 16!Class 15!Class 16,NULL,
212408,DUSK IA,CHERRY,0,No,Yes,No,Yes,Yes,NULL,.0123762,.0123762,.0123762,NULL,NULL,NULL,NULL,NULL,NULL,NULL,NULL,NULL,Yes,NULL,XA21 Quality,NULL,NULL,NULL,NULL,NULL,NULL,All,CHERRY_S,NULL,NULL,NULL,-1212,1212,AMPS,LIG DAC3 Telem,NULL,NULL,NULL,NULL,No,No,No,NULL,Yes,0,7,ALL-HINSON,NULL,NULL,NULL,NULL,NULL,NULL,NULL,NULL,NULL,NULL,NULL,NULL,NULL,NULL,NULL,NULL,NULL,NULL,NULL,NULL,2,l,0,1,NULL,NULL,NULL,NULL,DblPrOffsetBinaryH/L,NULL,50,Dnp,2670,Dnp 15 sec analog,NULL,NULL,NULL,NULL,NULL,NULL,NULL,NULL,NULL,NULL,NULL,NULL,NULL,NULL,NULL,NULL,NULL,NULL,NULL,NULL,NULL,NULL,NULL,NULL,NULL,NULL,NULL,NULL,State_0,0,Values,NULL,NULL,NULL,NULL,600,0,NULL,NULL,NULL,NULL,NULL,1!2!3,Class 6!Class 15!Class 6,NULL,
212409,DUSK IB,CHERRY,0,No,Yes,No,Yes,Yes,NULL,.0123762,.0123762,.0123762,NULL,NULL,NULL,NULL,NULL,NULL,NULL,NULL,NULL,Yes,NULL,XA21 Quality,NULL,NULL,NULL,NULL,NULL,NULL,All,CHERRY_S,NULL,NULL,NULL,-1212,1212,AMPS,LIG DAC3 Telem,NULL,NULL,NULL,NULL,No,No,No,NULL,Yes,0,7,ALL-HINSON,NULL,NULL,NULL,NULL,NULL,NULL,NULL,NULL,NULL,NULL,NULL,NULL,NULL,NULL,NULL,NULL,NULL,NULL,NULL,NULL,2,l,0,1,NULL,NULL,NULL,NULL,DblPrOffsetBinaryH/L,NULL,51,Dnp,2670,Dnp 15 sec analog,NULL,NULL,NULL,NULL,NULL,NULL,NULL,NULL,NULL,NULL,NULL,NULL,NULL,NULL,NULL,NULL,NULL,NULL,NULL,NULL,NULL,NULL,NULL,NULL,NULL,NULL,NULL,NULL,State_0,0,Values,NULL,NULL,NULL,NULL,600,0,NULL,NULL,NULL,NULL,NULL,1!2!3,Class 6!Class 15!Class 6,NULL,
212410,DUSK IC,CHERRY,0,No,Yes,No,Yes,Yes,NULL,.0123762,.0123762,.0123762,NULL,NULL,NULL,NULL,NULL,NULL,NULL,NULL,NULL,Yes,NULL,XA21 Quality,NULL,NULL,NULL,NULL,NULL,NULL,All,CHERRY_S,NULL,NULL,NULL,-1212,1212,AMPS,LIG DAC3 Telem,NULL,NULL,NULL,NULL,No,No,No,NULL,Yes,0,7,ALL-HINSON,NULL,NULL,NULL,NULL,NULL,NULL,NULL,NULL,NULL,NULL,NULL,NULL,NULL,NULL,NULL,NULL,NULL,NULL,NULL,NULL,2,l,0,1,NULL,NULL,NULL,NULL,DblPrOffsetBinaryH/L,NULL,52,Dnp,2670,Dnp 15 sec analog,NULL,NULL,NULL,NULL,NULL,NULL,NULL,NULL,NULL,NULL,NULL,NULL,NULL,NULL,NULL,NULL,NULL,NULL,NULL,NULL,NULL,NULL,NULL,NULL,NULL,NULL,NULL,NULL,State_0,0,Values,NULL,NULL,NULL,NULL,600,0,NULL,NULL,NULL,NULL,NULL,1!2!3,Class 6!Class 15!Class 6,NULL,
212411,DUSK IN,CHERRY,0,No,Yes,No,Yes,Yes,NULL,.0123762,.0123762,.0123762,NULL,NULL,NULL,NULL,NULL,NULL,NULL,NULL,NULL,Yes,NULL,XA21 Quality,NULL,NULL,NULL,NULL,NULL,NULL,All,CHERRY_S,NULL,NULL,NULL,-1212,1212,AMPS,LIG DAC3 Telem,NULL,NULL,NULL,NULL,No,No,No,NULL,Yes,0,7,ALL-HINSON,NULL,NULL,NULL,NULL,NULL,NULL,NULL,NULL,NULL,NULL,NULL,NULL,NULL,NULL,NULL,NULL,NULL,NULL,NULL,NULL,2,l,0,1,NULL,NULL,NULL,NULL,DblPrOffsetBinaryH/L,NULL,53,Dnp,2670,Dnp 15 sec analog,NULL,NULL,NULL,NULL,NULL,NULL,NULL,NULL,NULL,NULL,NULL,NULL,NULL,NULL,NULL,NULL,NULL,NULL,NULL,NULL,NULL,NULL,NULL,NULL,NULL,NULL,NULL,NULL,State_0,0,Values,NULL,NULL,NULL,NULL,600,0,NULL,NULL,NULL,NULL,NULL,1!2!3,Class 6!Class 15!Class 6,NULL,
212412,DUSK MVAR,CHERRY,0,No,Yes,No,Yes,Yes,NULL,.0247525,.0247525,.0247525,NULL,NULL,NULL,NULL,NULL,NULL,NULL,NULL,NULL,Yes,NULL,XA21 Quality,NULL,NULL,NULL,NULL,NULL,NULL,All,CHERRY_S,NULL,NULL,NULL,-18.18,18.18,MVAR,LIG DAC3 Telem,NULL,NULL,NULL,NULL,No,No,No,NULL,Yes,2,7,ALL-HINSON,NULL,NULL,NULL,NULL,NULL,NULL,NULL,NULL,NULL,NULL,NULL,NULL,NULL,NULL,NULL,NULL,NULL,NULL,NULL,NULL,2,l,0,.01,NULL,NULL,NULL,NULL,DblPrOffsetBinaryH/L,NULL,54,Dnp,2670,Dnp 15 sec analog,NULL,NULL,NULL,NULL,NULL,NULL,NULL,NULL,NULL,NULL,NULL,NULL,NULL,NULL,NULL,NULL,NULL,NULL,NULL,NULL,NULL,NULL,NULL,NULL,NULL,NULL,NULL,NULL,State_0,0,Values,NULL,NULL,NULL,NULL,9,-9,NULL,NULL,NULL,NULL,NULL,1!2!3,Class 16!Class 15!Class 16,NULL,
212413,HOBACK IA,CHERRY,0,No,Yes,No,Yes,Yes,NULL,.0123762,.0123762,.0123762,NULL,NULL,NULL,NULL,NULL,NULL,NULL,NULL,NULL,Yes,NULL,XA21 Quality,NULL,NULL,NULL,NULL,NULL,NULL,All,CHERRY_S,NULL,NULL,NULL,-1212,1212,AMPS,LIG DAC3 Telem,NULL,NULL,NULL,NULL,No,No,No,NULL,Yes,0,7,ALL-HINSON,NULL,NULL,NULL,NULL,NULL,NULL,NULL,NULL,NULL,NULL,NULL,NULL,NULL,NULL,NULL,NULL,NULL,NULL,NULL,NULL,2,l,0,1,NULL,NULL,NULL,NULL,DblPrOffsetBinaryH/L,NULL,55,Dnp,2670,Dnp 15 sec analog,NULL,NULL,NULL,NULL,NULL,NULL,NULL,NULL,NULL,NULL,NULL,NULL,NULL,NULL,NULL,NULL,NULL,NULL,NULL,NULL,NULL,NULL,NULL,NULL,NULL,NULL,NULL,NULL,State_0,0,Values,NULL,NULL,NULL,NULL,600,0,NULL,NULL,NULL,NULL,NULL,1!2!3,Class 6!Class 15!Class 6,NULL,
212414,HOBACK IB,CHERRY,0,No,Yes,No,Yes,Yes,NULL,.0123762,.0123762,.0123762,NULL,NULL,NULL,NULL,NULL,NULL,NULL,NULL,NULL,Yes,NULL,XA21 Quality,NULL,NULL,NULL,NULL,NULL,NULL,All,CHERRY_S,NULL,NULL,NULL,-1212,1212,AMPS,LIG DAC3 Telem,NULL,NULL,NULL,NULL,No,No,No,NULL,Yes,0,7,ALL-HINSON,NULL,NULL,NULL,NULL,NULL,NULL,NULL,NULL,NULL,NULL,NULL,NULL,NULL,NULL,NULL,NULL,NULL,NULL,NULL,NULL,2,l,0,1,NULL,NULL,NULL,NULL,DblPrOffsetBinaryH/L,NULL,56,Dnp,2670,Dnp 15 sec analog,NULL,NULL,NULL,NULL,NULL,NULL,NULL,NULL,NULL,NULL,NULL,NULL,NULL,NULL,NULL,NULL,NULL,NULL,NULL,NULL,NULL,NULL,NULL,NULL,NULL,NULL,NULL,NULL,State_0,0,Values,NULL,NULL,NULL,NULL,600,0,NULL,NULL,NULL,NULL,NULL,1!2!3,Class 6!Class 15!Class 6,NULL,
212415,HOBACK IC,CHERRY,0,No,Yes,No,Yes,Yes,NULL,.0123762,.0123762,.0123762,NULL,NULL,NULL,NULL,NULL,NULL,NULL,NULL,NULL,Yes,NULL,XA21 Quality,NULL,NULL,NULL,NULL,NULL,NULL,All,CHERRY_S,NULL,NULL,NULL,-1212,1212,AMPS,LIG DAC3 Telem,NULL,NULL,NULL,NULL,No,No,No,NULL,Yes,0,7,ALL-HINSON,NULL,NULL,NULL,NULL,NULL,NULL,NULL,NULL,NULL,NULL,NULL,NULL,NULL,NULL,NULL,NULL,NULL,NULL,NULL,NULL,2,l,0,1,NULL,NULL,NULL,NULL,DblPrOffsetBinaryH/L,NULL,57,Dnp,2670,Dnp 15 sec analog,NULL,NULL,NULL,NULL,NULL,NULL,NULL,NULL,NULL,NULL,NULL,NULL,NULL,NULL,NULL,NULL,NULL,NULL,NULL,NULL,NULL,NULL,NULL,NULL,NULL,NULL,NULL,NULL,State_0,0,Values,NULL,NULL,NULL,NULL,600,0,NULL,NULL,NULL,NULL,NULL,1!2!3,Class 6!Class 15!Class 6,NULL,
212416,HOBACK IN,CHERRY,0,No,Yes,No,Yes,Yes,NULL,.0123762,.0123762,.0123762,NULL,NULL,NULL,NULL,NULL,NULL,NULL,NULL,NULL,Yes,NULL,XA21 Quality,NULL,NULL,NULL,NULL,NULL,NULL,All,CHERRY_S,NULL,NULL,NULL,-1212,1212,AMPS,LIG DAC3 Telem,NULL,NULL,NULL,NULL,No,No,No,NULL,Yes,0,7,ALL-HINSON,NULL,NULL,NULL,NULL,NULL,NULL,NULL,NULL,NULL,NULL,NULL,NULL,NULL,NULL,NULL,NULL,NULL,NULL,NULL,NULL,2,l,0,1,NULL,NULL,NULL,NULL,DblPrOffsetBinaryH/L,NULL,58,Dnp,2670,Dnp 15 sec analog,NULL,NULL,NULL,NULL,NULL,NULL,NULL,NULL,NULL,NULL,NULL,NULL,NULL,NULL,NULL,NULL,NULL,NULL,NULL,NULL,NULL,NULL,NULL,NULL,NULL,NULL,NULL,NULL,State_0,0,Values,NULL,NULL,NULL,NULL,600,0,NULL,NULL,NULL,NULL,NULL,1!2!3,Class 6!Class 15!Class 6,NULL,
212417,HOBACK MVAR,CHERRY,0,No,Yes,No,Yes,Yes,NULL,.0247525,.0247525,.0247525,NULL,NULL,NULL,NULL,NULL,NULL,NULL,NULL,NULL,Yes,NULL,XA21 Quality,NULL,NULL,NULL,NULL,NULL,NULL,All,CHERRY_S,NULL,NULL,NULL,-18.18,18.18,MVAR,LIG DAC3 Telem,NULL,NULL,NULL,NULL,No,No,No,NULL,Yes,2,7,ALL-HINSON,NULL,NULL,NULL,NULL,NULL,NULL,NULL,NULL,NULL,NULL,NULL,NULL,NULL,NULL,NULL,NULL,NULL,NULL,NULL,NULL,2,l,0,.01,NULL,NULL,NULL,NULL,DblPrOffsetBinaryH/L,NULL,59,Dnp,2670,Dnp 15 sec analog,NULL,NULL,NULL,NULL,NULL,NULL,NULL,NULL,NULL,NULL,NULL,NULL,NULL,NULL,NULL,NULL,NULL,NULL,NULL,NULL,NULL,NULL,NULL,NULL,NULL,NULL,NULL,NULL,State_0,0,Values,NULL,NULL,NULL,NULL,9,-9,NULL,NULL,NULL,NULL,NULL,1!2!3,Class 16!Class 15!Class 16,NULL,
212418,OCANA IA,CHERRY,0,No,Yes,No,Yes,Yes,NULL,.0123762,.0123762,.0123762,NULL,NULL,NULL,NULL,NULL,NULL,NULL,NULL,NULL,Yes,NULL,XA21 Quality,NULL,NULL,NULL,NULL,NULL,NULL,All,CHERRY_S,NULL,NULL,NULL,-1212,1212,AMPS,LIG DAC3 Telem,NULL,NULL,NULL,NULL,No,No,No,NULL,Yes,0,7,ALL-HINSON,NULL,NULL,NULL,NULL,NULL,NULL,NULL,NULL,NULL,NULL,NULL,NULL,NULL,NULL,NULL,NULL,NULL,NULL,NULL,NULL,2,l,0,1,NULL,NULL,NULL,NULL,DblPrOffsetBinaryH/L,NULL,60,Dnp,2670,Dnp 15 sec analog,NULL,NULL,NULL,NULL,NULL,NULL,NULL,NULL,NULL,NULL,NULL,NULL,NULL,NULL,NULL,NULL,NULL,NULL,NULL,NULL,NULL,NULL,NULL,NULL,NULL,NULL,NULL,NULL,State_0,0,Values,NULL,NULL,NULL,NULL,600,0,NULL,NULL,NULL,NULL,NULL,1!2!3,Class 6!Class 15!Class 6,NULL,
212419,OCANA IB,CHERRY,0,No,Yes,No,Yes,Yes,NULL,.0123762,.0123762,.0123762,NULL,NULL,NULL,NULL,NULL,NULL,NULL,NULL,NULL,Yes,NULL,XA21 Quality,NULL,NULL,NULL,NULL,NULL,NULL,All,CHERRY_S,NULL,NULL,NULL,-1212,1212,AMPS,LIG DAC3 Telem,NULL,NULL,NULL,NULL,No,No,No,NULL,Yes,0,7,ALL-HINSON,NULL,NULL,NULL,NULL,NULL,NULL,NULL,NULL,NULL,NULL,NULL,NULL,NULL,NULL,NULL,NULL,NULL,NULL,NULL,NULL,2,l,0,1,NULL,NULL,NULL,NULL,DblPrOffsetBinaryH/L,NULL,61,Dnp,2670,Dnp 15 sec analog,NULL,NULL,NULL,NULL,NULL,NULL,NULL,NULL,NULL,NULL,NULL,NULL,NULL,NULL,NULL,NULL,NULL,NULL,NULL,NULL,NULL,NULL,NULL,NULL,NULL,NULL,NULL,NULL,State_0,0,Values,NULL,NULL,NULL,NULL,600,0,NULL,NULL,NULL,NULL,NULL,1!2!3,Class 6!Class 15!Class 6,NULL,
212420,OCANA IC,CHERRY,0,No,Yes,No,Yes,Yes,NULL,.0123762,.0123762,.0123762,NULL,NULL,NULL,NULL,NULL,NULL,NULL,NULL,NULL,Yes,NULL,XA21 Quality,NULL,NULL,NULL,NULL,NULL,NULL,All,CHERRY_S,NULL,NULL,NULL,-1212,1212,AMPS,LIG DAC3 Telem,NULL,NULL,NULL,NULL,No,No,No,NULL,Yes,0,7,ALL-HINSON,NULL,NULL,NULL,NULL,NULL,NULL,NULL,NULL,NULL,NULL,NULL,NULL,NULL,NULL,NULL,NULL,NULL,NULL,NULL,NULL,2,l,0,1,NULL,NULL,NULL,NULL,DblPrOffsetBinaryH/L,NULL,62,Dnp,2670,Dnp 15 sec analog,NULL,NULL,NULL,NULL,NULL,NULL,NULL,NULL,NULL,NULL,NULL,NULL,NULL,NULL,NULL,NULL,NULL,NULL,NULL,NULL,NULL,NULL,NULL,NULL,NULL,NULL,NULL,NULL,State_0,0,Values,NULL,NULL,NULL,NULL,600,0,NULL,NULL,NULL,NULL,NULL,1!2!3,Class 6!Class 15!Class 6,NULL,
212421,OCANA IN,CHERRY,0,No,Yes,No,Yes,Yes,NULL,.0123762,.0123762,.0123762,NULL,NULL,NULL,NULL,NULL,NULL,NULL,NULL,NULL,Yes,NULL,XA21 Quality,NULL,NULL,NULL,NULL,NULL,NULL,All,CHERRY_S,NULL,NULL,NULL,-1212,1212,AMPS,LIG DAC3 Telem,NULL,NULL,NULL,NULL,No,No,No,NULL,Yes,0,7,ALL-HINSON,NULL,NULL,NULL,NULL,NULL,NULL,NULL,NULL,NULL,NULL,NULL,NULL,NULL,NULL,NULL,NULL,NULL,NULL,NULL,NULL,2,l,0,1,NULL,NULL,NULL,NULL,DblPrOffsetBinaryH/L,NULL,63,Dnp,2670,Dnp 15 sec analog,NULL,NULL,NULL,NULL,NULL,NULL,NULL,NULL,NULL,NULL,NULL,NULL,NULL,NULL,NULL,NULL,NULL,NULL,NULL,NULL,NULL,NULL,NULL,NULL,NULL,NULL,NULL,NULL,State_0,0,Values,NULL,NULL,NULL,NULL,600,0,NULL,NULL,NULL,NULL,NULL,1!2!3,Class 6!Class 15!Class 6,NULL,
212422,OCANA MVAR,CHERRY,0,No,Yes,No,Yes,Yes,NULL,.0247525,.0247525,.0247525,NULL,NULL,NULL,NULL,NULL,NULL,NULL,NULL,NULL,Yes,NULL,XA21 Quality,NULL,NULL,NULL,NULL,NULL,NULL,All,CHERRY_S,NULL,NULL,NULL,-18.18,18.18,MVAR,LIG DAC3 Telem,NULL,NULL,NULL,NULL,No,No,No,NULL,Yes,2,7,ALL-HINSON,NULL,NULL,NULL,NULL,NULL,NULL,NULL,NULL,NULL,NULL,NULL,NULL,NULL,NULL,NULL,NULL,NULL,NULL,NULL,NULL,2,l,0,.01,NULL,NULL,NULL,NULL,DblPrOffsetBinaryH/L,NULL,64,Dnp,2670,Dnp 15 sec analog,NULL,NULL,NULL,NULL,NULL,NULL,NULL,NULL,NULL,NULL,NULL,NULL,NULL,NULL,NULL,NULL,NULL,NULL,NULL,NULL,NULL,NULL,NULL,NULL,NULL,NULL,NULL,NULL,State_0,0,Values,NULL,NULL,NULL,NULL,9,-9,NULL,NULL,NULL,NULL,NULL,1!2!3,Class 16!Class 15!Class 16,NULL,
212423,RADIUM IA,CHERRY,0,No,Yes,No,Yes,Yes,NULL,.0123762,.0123762,.0123762,NULL,NULL,NULL,NULL,NULL,NULL,NULL,NULL,NULL,Yes,NULL,XA21 Quality,NULL,NULL,NULL,NULL,NULL,NULL,All,CHERRY_S,NULL,NULL,NULL,-1212,1212,AMPS,LIG DAC3 Telem,NULL,NULL,NULL,NULL,No,No,No,NULL,Yes,0,7,ALL-HINSON,NULL,NULL,NULL,NULL,NULL,NULL,NULL,NULL,NULL,NULL,NULL,NULL,NULL,NULL,NULL,NULL,NULL,NULL,NULL,NULL,2,l,0,1,NULL,NULL,NULL,NULL,DblPrOffsetBinaryH/L,NULL,65,Dnp,2670,Dnp 15 sec analog,NULL,NULL,NULL,NULL,NULL,NULL,NULL,NULL,NULL,NULL,NULL,NULL,NULL,NULL,NULL,NULL,NULL,NULL,NULL,NULL,NULL,NULL,NULL,NULL,NULL,NULL,NULL,NULL,State_0,0,Values,NULL,NULL,NULL,NULL,600,0,NULL,NULL,NULL,NULL,NULL,1!2!3,Class 6!Class 15!Class 6,NULL,
212424,RADIUM IB,CHERRY,0,No,Yes,No,Yes,Yes,NULL,.0123762,.0123762,.0123762,NULL,NULL,NULL,NULL,NULL,NULL,NULL,NULL,NULL,Yes,NULL,XA21 Quality,NULL,NULL,NULL,NULL,NULL,NULL,All,CHERRY_S,NULL,NULL,NULL,-1212,1212,AMPS,LIG DAC3 Telem,NULL,NULL,NULL,NULL,No,No,No,NULL,Yes,0,7,ALL-HINSON,NULL,NULL,NULL,NULL,NULL,NULL,NULL,NULL,NULL,NULL,NULL,NULL,NULL,NULL,NULL,NULL,NULL,NULL,NULL,NULL,2,l,0,1,NULL,NULL,NULL,NULL,DblPrOffsetBinaryH/L,NULL,66,Dnp,2670,Dnp 15 sec analog,NULL,NULL,NULL,NULL,NULL,NULL,NULL,NULL,NULL,NULL,NULL,NULL,NULL,NULL,NULL,NULL,NULL,NULL,NULL,NULL,NULL,NULL,NULL,NULL,NULL,NULL,NULL,NULL,State_0,0,Values,NULL,NULL,NULL,NULL,600,0,NULL,NULL,NULL,NULL,NULL,1!2!3,Class 6!Class 15!Class 6,NULL,
212425,RADIUM IC,CHERRY,0,No,Yes,No,Yes,Yes,NULL,.0123762,.0123762,.0123762,NULL,NULL,NULL,NULL,NULL,NULL,NULL,NULL,NULL,Yes,NULL,XA21 Quality,NULL,NULL,NULL,NULL,NULL,NULL,All,CHERRY_S,NULL,NULL,NULL,-1212,1212,AMPS,LIG DAC3 Telem,NULL,NULL,NULL,NULL,No,No,No,NULL,Yes,0,7,ALL-HINSON,NULL,NULL,NULL,NULL,NULL,NULL,NULL,NULL,NULL,NULL,NULL,NULL,NULL,NULL,NULL,NULL,NULL,NULL,NULL,NULL,2,l,0,1,NULL,NULL,NULL,NULL,DblPrOffsetBinaryH/L,NULL,67,Dnp,2670,Dnp 15 sec analog,NULL,NULL,NULL,NULL,NULL,NULL,NULL,NULL,NULL,NULL,NULL,NULL,NULL,NULL,NULL,NULL,NULL,NULL,NULL,NULL,NULL,NULL,NULL,NULL,NULL,NULL,NULL,NULL,State_0,0,Values,NULL,NULL,NULL,NULL,600,0,NULL,NULL,NULL,NULL,NULL,1!2!3,Class 6!Class 15!Class 6,NULL,
212426,RADIUM IN,CHERRY,0,No,Yes,No,Yes,Yes,NULL,.0123762,.0123762,.0123762,NULL,NULL,NULL,NULL,NULL,NULL,NULL,NULL,NULL,Yes,NULL,XA21 Quality,NULL,NULL,NULL,NULL,NULL,NULL,All,CHERRY_S,NULL,NULL,NULL,-1212,1212,AMPS,LIG DAC3 Telem,NULL,NULL,NULL,NULL,No,No,No,NULL,Yes,0,7,ALL-HINSON,NULL,NULL,NULL,NULL,NULL,NULL,NULL,NULL,NULL,NULL,NULL,NULL,NULL,NULL,NULL,NULL,NULL,NULL,NULL,NULL,2,l,0,1,NULL,NULL,NULL,NULL,DblPrOffsetBinaryH/L,NULL,68,Dnp,2670,Dnp 15 sec analog,NULL,NULL,NULL,NULL,NULL,NULL,NULL,NULL,NULL,NULL,NULL,NULL,NULL,NULL,NULL,NULL,NULL,NULL,NULL,NULL,NULL,NULL,NULL,NULL,NULL,NULL,NULL,NULL,State_0,0,Values,NULL,NULL,NULL,NULL,600,0,NULL,NULL,NULL,NULL,NULL,1!2!3,Class 6!Class 15!Class 6,NULL,
212427,RADIUM MVAR,CHERRY,0,No,Yes,No,Yes,Yes,NULL,.0247525,.0247525,.0247525,NULL,NULL,NULL,NULL,NULL,NULL,NULL,NULL,NULL,Yes,NULL,XA21 Quality,NULL,NULL,NULL,NULL,NULL,NULL,All,CHERRY_S,NULL,NULL,NULL,-18.18,18.18,MVAR,LIG DAC3 Telem,NULL,NULL,NULL,NULL,No,No,No,NULL,Yes,2,7,ALL-HINSON,NULL,NULL,NULL,NULL,NULL,NULL,NULL,NULL,NULL,NULL,NULL,NULL,NULL,NULL,NULL,NULL,NULL,NULL,NULL,NULL,2,l,0,.01,NULL,NULL,NULL,NULL,DblPrOffsetBinaryH/L,NULL,69,Dnp,2670,Dnp 15 sec analog,NULL,NULL,NULL,NULL,NULL,NULL,NULL,NULL,NULL,NULL,NULL,NULL,NULL,NULL,NULL,NULL,NULL,NULL,NULL,NULL,NULL,NULL,NULL,NULL,NULL,NULL,NULL,NULL,State_0,0,Values,NULL,NULL,NULL,NULL,9,-9,NULL,NULL,NULL,NULL,NULL,1!2!3,Class 16!Class 15!Class 16,NULL,
212428,TOYON IA,CHERRY,0,No,Yes,No,Yes,Yes,NULL,.0123762,.0123762,.0123762,NULL,NULL,NULL,NULL,NULL,NULL,NULL,NULL,NULL,Yes,NULL,XA21 Quality,NULL,NULL,NULL,NULL,NULL,NULL,All,CHERRY_S,NULL,NULL,NULL,-1212,1212,AMPS,LIG DAC3 Telem,NULL,NULL,NULL,NULL,No,No,No,NULL,Yes,0,7,ALL-HINSON,NULL,NULL,NULL,NULL,NULL,NULL,NULL,NULL,NULL,NULL,NULL,NULL,NULL,NULL,NULL,NULL,NULL,NULL,NULL,NULL,2,l,0,1,NULL,NULL,NULL,NULL,DblPrOffsetBinaryH/L,NULL,70,Dnp,2670,Dnp 15 sec analog,NULL,NULL,NULL,NULL,NULL,NULL,NULL,NULL,NULL,NULL,NULL,NULL,NULL,NULL,NULL,NULL,NULL,NULL,NULL,NULL,NULL,NULL,NULL,NULL,NULL,NULL,NULL,NULL,State_0,0,Values,NULL,NULL,NULL,NULL,600,0,NULL,NULL,NULL,NULL,NULL,1!2!3,Class 6!Class 15!Class 6,NULL,
212429,TOYON IB,CHERRY,0,No,Yes,No,Yes,Yes,NULL,.0123762,.0123762,.0123762,NULL,NULL,NULL,NULL,NULL,NULL,NULL,NULL,NULL,Yes,NULL,XA21 Quality,NULL,NULL,NULL,NULL,NULL,NULL,All,CHERRY_S,NULL,NULL,NULL,-1212,1212,AMPS,LIG DAC3 Telem,NULL,NULL,NULL,NULL,No,No,No,NULL,Yes,0,7,ALL-HINSON,NULL,NULL,NULL,NULL,NULL,NULL,NULL,NULL,NULL,NULL,NULL,NULL,NULL,NULL,NULL,NULL,NULL,NULL,NULL,NULL,2,l,0,1,NULL,NULL,NULL,NULL,DblPrOffsetBinaryH/L,NULL,71,Dnp,2670,Dnp 15 sec analog,NULL,NULL,NULL,NULL,NULL,NULL,NULL,NULL,NULL,NULL,NULL,NULL,NULL,NULL,NULL,NULL,NULL,NULL,NULL,NULL,NULL,NULL,NULL,NULL,NULL,NULL,NULL,NULL,State_0,0,Values,NULL,NULL,NULL,NULL,600,0,NULL,NULL,NULL,NULL,NULL,1!2!3,Class 6!Class 15!Class 6,NULL,
212430,TOYON IC,CHERRY,0,No,Yes,No,Yes,Yes,NULL,.0123762,.0123762,.0123762,NULL,NULL,NULL,NULL,NULL,NULL,NULL,NULL,NULL,Yes,NULL,XA21 Quality,NULL,NULL,NULL,NULL,NULL,NULL,All,CHERRY_S,NULL,NULL,NULL,-1212,1212,AMPS,LIG DAC3 Telem,NULL,NULL,NULL,NULL,No,No,No,NULL,Yes,0,7,ALL-HINSON,NULL,NULL,NULL,NULL,NULL,NULL,NULL,NULL,NULL,NULL,NULL,NULL,NULL,NULL,NULL,NULL,NULL,NULL,NULL,NULL,2,l,0,1,NULL,NULL,NULL,NULL,DblPrOffsetBinaryH/L,NULL,72,Dnp,2670,Dnp 15 sec analog,NULL,NULL,NULL,NULL,NULL,NULL,NULL,NULL,NULL,NULL,NULL,NULL,NULL,NULL,NULL,NULL,NULL,NULL,NULL,NULL,NULL,NULL,NULL,NULL,NULL,NULL,NULL,NULL,State_0,0,Values,NULL,NULL,NULL,NULL,600,0,NULL,NULL,NULL,NULL,NULL,1!2!3,Class 6!Class 15!Class 6,NULL,
212431,TOYON IN,CHERRY,0,No,Yes,No,Yes,Yes,NULL,.0123762,.0123762,.0123762,NULL,NULL,NULL,NULL,NULL,NULL,NULL,NULL,NULL,Yes,NULL,XA21 Quality,NULL,NULL,NULL,NULL,NULL,NULL,All,CHERRY_S,NULL,NULL,NULL,-1212,1212,AMPS,LIG DAC3 Telem,NULL,NULL,NULL,NULL,No,No,No,NULL,Yes,0,7,ALL-HINSON,NULL,NULL,NULL,NULL,NULL,NULL,NULL,NULL,NULL,NULL,NULL,NULL,NULL,NULL,NULL,NULL,NULL,NULL,NULL,NULL,2,l,0,1,NULL,NULL,NULL,NULL,DblPrOffsetBinaryH/L,NULL,73,Dnp,2670,Dnp 15 sec analog,NULL,NULL,NULL,NULL,NULL,NULL,NULL,NULL,NULL,NULL,NULL,NULL,NULL,NULL,NULL,NULL,NULL,NULL,NULL,NULL,NULL,NULL,NULL,NULL,NULL,NULL,NULL,NULL,State_0,0,Values,NULL,NULL,NULL,NULL,600,0,NULL,NULL,NULL,NULL,NULL,1!2!3,Class 6!Class 15!Class 6,NULL,
212432,TOYON MVAR,CHERRY,0,No,Yes,No,Yes,Yes,NULL,.0247525,.0247525,.0247525,NULL,NULL,NULL,NULL,NULL,NULL,NULL,NULL,NULL,Yes,NULL,XA21 Quality,NULL,NULL,NULL,NULL,NULL,NULL,All,CHERRY_S,NULL,NULL,NULL,-18.18,18.18,MVAR,LIG DAC3 Telem,NULL,NULL,NULL,NULL,No,No,No,NULL,Yes,2,7,ALL-HINSON,NULL,NULL,NULL,NULL,NULL,NULL,NULL,NULL,NULL,NULL,NULL,NULL,NULL,NULL,NULL,NULL,NULL,NULL,NULL,NULL,2,l,0,.01,NULL,NULL,NULL,NULL,DblPrOffsetBinaryH/L,NULL,74,Dnp,2670,Dnp 15 sec analog,NULL,NULL,NULL,NULL,NULL,NULL,NULL,NULL,NULL,NULL,NULL,NULL,NULL,NULL,NULL,NULL,NULL,NULL,NULL,NULL,NULL,NULL,NULL,NULL,NULL,NULL,NULL,NULL,State_0,0,Values,NULL,NULL,NULL,NULL,9,-9,NULL,NULL,NULL,NULL,NULL,1!2!3,Class 16!Class 15!Class 16,NULL,
212433,TEST GROUP IA,CHERRY,0,No,Yes,No,Yes,Yes,NULL,.0123762,.0123762,.0123762,NULL,NULL,NULL,NULL,NULL,NULL,NULL,NULL,NULL,Yes,NULL,XA21 Quality,NULL,NULL,NULL,NULL,NULL,NULL,All,CHERRY_S,NULL,NULL,NULL,-1212,1212,AMPS,LIG DAC3 Telem,NULL,NULL,NULL,NULL,No,No,No,NULL,Yes,0,7,ALL-HINSON,NULL,NULL,NULL,NULL,NULL,NULL,NULL,NULL,NULL,NULL,NULL,NULL,NULL,NULL,NULL,NULL,NULL,NULL,NULL,NULL,2,l,0,1,NULL,NULL,NULL,NULL,DblPrOffsetBinaryH/L,NULL,75,Dnp,2670,Dnp 15 sec analog,NULL,NULL,NULL,NULL,NULL,NULL,NULL,NULL,NULL,NULL,NULL,NULL,NULL,NULL,NULL,NULL,NULL,NULL,NULL,NULL,NULL,NULL,NULL,NULL,NULL,NULL,NULL,NULL,State_0,0,Values,NULL,NULL,NULL,NULL,600,0,NULL,NULL,NULL,NULL,NULL,1!2!3,Class 6!Class 15!Class 6,NULL,
212434,TEST GROUP IB,CHERRY,0,No,Yes,No,Yes,Yes,NULL,.0123762,.0123762,.0123762,NULL,NULL,NULL,NULL,NULL,NULL,NULL,NULL,NULL,Yes,NULL,XA21 Quality,NULL,NULL,NULL,NULL,NULL,NULL,All,CHERRY_S,NULL,NULL,NULL,-1212,1212,AMPS,LIG DAC3 Telem,NULL,NULL,NULL,NULL,No,No,No,NULL,Yes,0,7,ALL-HINSON,NULL,NULL,NULL,NULL,NULL,NULL,NULL,NULL,NULL,NULL,NULL,NULL,NULL,NULL,NULL,NULL,NULL,NULL,NULL,NULL,2,l,0,1,NULL,NULL,NULL,NULL,DblPrOffsetBinaryH/L,NULL,76,Dnp,2670,Dnp 15 sec analog,NULL,NULL,NULL,NULL,NULL,NULL,NULL,NULL,NULL,NULL,NULL,NULL,NULL,NULL,NULL,NULL,NULL,NULL,NULL,NULL,NULL,NULL,NULL,NULL,NULL,NULL,NULL,NULL,State_0,0,Values,NULL,NULL,NULL,NULL,600,0,NULL,NULL,NULL,NULL,NULL,1!2!3,Class 6!Class 15!Class 6,NULL,
212435,TEST GROUP IC,CHERRY,0,No,Yes,No,Yes,Yes,NULL,.0123762,.0123762,.0123762,NULL,NULL,NULL,NULL,NULL,NULL,NULL,NULL,NULL,Yes,NULL,XA21 Quality,NULL,NULL,NULL,NULL,NULL,NULL,All,CHERRY_S,NULL,NULL,NULL,-1212,1212,AMPS,LIG DAC3 Telem,NULL,NULL,NULL,NULL,No,No,No,NULL,Yes,0,7,ALL-HINSON,NULL,NULL,NULL,NULL,NULL,NULL,NULL,NULL,NULL,NULL,NULL,NULL,NULL,NULL,NULL,NULL,NULL,NULL,NULL,NULL,2,l,0,1,NULL,NULL,NULL,NULL,DblPrOffsetBinaryH/L,NULL,77,Dnp,2670,Dnp 15 sec analog,NULL,NULL,NULL,NULL,NULL,NULL,NULL,NULL,NULL,NULL,NULL,NULL,NULL,NULL,NULL,NULL,NULL,NULL,NULL,NULL,NULL,NULL,NULL,NULL,NULL,NULL,NULL,NULL,State_0,0,Values,NULL,NULL,NULL,NULL,600,0,NULL,NULL,NULL,NULL,NULL,1!2!3,Class 6!Class 15!Class 6,NULL,
212436,TEST GROUP IN,CHERRY,0,No,Yes,No,Yes,Yes,NULL,.0123762,.0123762,.0123762,NULL,NULL,NULL,NULL,NULL,NULL,NULL,NULL,NULL,Yes,NULL,XA21 Quality,NULL,NULL,NULL,NULL,NULL,NULL,All,CHERRY_S,NULL,NULL,NULL,-1212,1212,AMPS,LIG DAC3 Telem,NULL,NULL,NULL,NULL,No,No,No,NULL,Yes,0,7,ALL-HINSON,NULL,NULL,NULL,NULL,NULL,NULL,NULL,NULL,NULL,NULL,NULL,NULL,NULL,NULL,NULL,NULL,NULL,NULL,NULL,NULL,2,l,0,1,NULL,NULL,NULL,NULL,DblPrOffsetBinaryH/L,NULL,78,Dnp,2670,Dnp 15 sec analog,NULL,NULL,NULL,NULL,NULL,NULL,NULL,NULL,NULL,NULL,NULL,NULL,NULL,NULL,NULL,NULL,NULL,NULL,NULL,NULL,NULL,NULL,NULL,NULL,NULL,NULL,NULL,NULL,State_0,0,Values,NULL,NULL,NULL,NULL,600,0,NULL,NULL,NULL,NULL,NULL,1!2!3,Class 6!Class 15!Class 6,NULL,
212437,TEST GROUP MVAR,CHERRY,0,No,Yes,No,Yes,Yes,NULL,.0247525,.0247525,.0247525,NULL,NULL,NULL,NULL,NULL,NULL,NULL,NULL,NULL,Yes,NULL,XA21 Quality,NULL,NULL,NULL,NULL,NULL,NULL,All,CHERRY_S,NULL,NULL,NULL,-18.18,18.18,MVAR,LIG DAC3 Telem,NULL,NULL,NULL,NULL,No,No,No,NULL,Yes,2,7,ALL-HINSON,NULL,NULL,NULL,NULL,NULL,NULL,NULL,NULL,NULL,NULL,NULL,NULL,NULL,NULL,NULL,NULL,NULL,NULL,NULL,NULL,2,l,0,.01,NULL,NULL,NULL,NULL,DblPrOffsetBinaryH/L,NULL,79,Dnp,2670,Dnp 15 sec analog,NULL,NULL,NULL,NULL,NULL,NULL,NULL,NULL,NULL,NULL,NULL,NULL,NULL,NULL,NULL,NULL,NULL,NULL,NULL,NULL,NULL,NULL,NULL,NULL,NULL,NULL,NULL,NULL,State_0,0,Values,NULL,NULL,NULL,NULL,9,-9,NULL,NULL,NULL,NULL,NULL,1!2!3,Class 16!Class 15!Class 16,NULL,
212438,NO.2 CAPS VOLTS,CHERRY,0,No,Yes,No,Yes,Yes,NULL,.0113449,.0113449,.0113449,NULL,NULL,NULL,NULL,NULL,NULL,NULL,NULL,NULL,Yes,NULL,XA21 Quality,NULL,NULL,NULL,NULL,NULL,NULL,All,CHERRY_S,NULL,NULL,NULL,-14.544,14.544,KV,LIG DAC3 Telem,NULL,NULL,NULL,NULL,No,No,No,NULL,Yes,3,7,ALL-HINSON,NULL,NULL,NULL,NULL,NULL,NULL,NULL,NULL,NULL,NULL,NULL,NULL,NULL,NULL,NULL,NULL,NULL,NULL,NULL,NULL,2,l,0,.001,NULL,NULL,NULL,NULL,DblPrOffsetBinaryH/L,NULL,80,Dnp,2670,Dnp 15 sec analog,NULL,NULL,NULL,NULL,NULL,NULL,NULL,NULL,NULL,NULL,NULL,NULL,NULL,NULL,NULL,NULL,NULL,NULL,NULL,NULL,NULL,NULL,NULL,NULL,NULL,NULL,NULL,NULL,State_0,0,Values,NULL,NULL,NULL,NULL,13.2,6.6,NULL,NULL,NULL,NULL,NULL,1!2!3,Class 6!Class 15!Class 6,NULL,
212439,MAIN PLC IED/CODE,CHERRY,0,No,Yes,No,Yes,Yes,NULL,.02475,.02475,.02475,NULL,NULL,NULL,NULL,NULL,NULL,NULL,NULL,NULL,Yes,NULL,XA21 Quality,NULL,NULL,NULL,NULL,NULL,NULL,All,CHERRY_S,NULL,NULL,NULL,-10100,10100,COUNT,LIG DAC3 Telem,NULL,NULL,NULL,NULL,No,No,No,NULL,Yes,0,7,ALL-HINSON,NULL,NULL,NULL,NULL,NULL,NULL,NULL,NULL,NULL,NULL,NULL,NULL,NULL,NULL,NULL,NULL,NULL,NULL,NULL,NULL,2,l,0,1,NULL,NULL,NULL,NULL,DblPrOffsetBinaryH/L,NULL,81,Dnp,2670,Dnp 15 sec analog,NULL,NULL,NULL,NULL,NULL,NULL,NULL,NULL,NULL,NULL,NULL,NULL,NULL,NULL,NULL,NULL,NULL,NULL,NULL,NULL,NULL,NULL,NULL,NULL,NULL,NULL,NULL,NULL,State_0,0,Values,NULL,NULL,NULL,NULL,9999,0,NULL,NULL,NULL,NULL,NULL,1!2!3,Class 16!Class 15!Class 16,NULL,
